Region,Availability Zone,Instance Name,Instance ID,Instance Type,Lifecycle,AMI ID,AMI Name
us-east-1,us-east-1b,prod-logstash-voice,i-0255704af75f34ae9,i3en.xlarge,On-demand,ami-013f17f36f8b1fefb,ubuntu/images/hvm-ssd/ubuntu-bionic-18.04-amd64-server-20210224
us-east-1,us-east-1a,orange-sms-test,i-06fd2513406259f1c,t2.micro,On-demand,ami-05fa00d4c63e32376,amzn2-ami-kernel-5.10-hvm-2.0.20220805.0-x86_64-gp2
us-east-1,us-east-1b,vapt-us-east-1,i-0379638e81bc31bae,t3.large,On-demand,ami-052efd3df9dad4825,ubuntu/images/hvm-ssd/ubuntu-jammy-22.04-amd64-server-20220609
us-east-1,us-east-1a,prod-voice-pgbouncer,i-095e9db29cf4c61cb,c5.large,On-demand,ami-01be21afafb73a442,plivo/amzn2-ami-ecs-hvm-2.0.1709402848-65e36ae0-57e0-138f-6ffc-ffbcd2adce9e-x86_64-ebs
us-east-1,us-east-1a,prod-zentrunk-loadbalancer,i-09a690a597c546c22,c5.xlarge,On-demand,ami-01be21afafb73a442,plivo/amzn2-ami-ecs-hvm-2.0.1709402848-65e36ae0-57e0-138f-6ffc-ffbcd2adce9e-x86_64-ebs
us-east-1,us-east-1b,prod-voice-pgbouncer,i-0a2fb081cd6bae1ce,c5.large,On-demand,ami-01be21afafb73a442,plivo/amzn2-ami-ecs-hvm-2.0.1709402848-65e36ae0-57e0-138f-6ffc-ffbcd2adce9e-x86_64-ebs
us-east-1,us-east-1b,prod-zentrunk-loadbalancer,i-031b7497bdd4fc4c0,c5.xlarge,On-demand,ami-01be21afafb73a442,plivo/amzn2-ami-ecs-hvm-2.0.1709402848-65e36ae0-57e0-138f-6ffc-ffbcd2adce9e-x86_64-ebs
us-east-1,us-east-1a,prod-mms,i-0e3fab6c7e1530f31,c5.large,On-demand,ami-09c9e4b622f29dd1c,plivo/amzn2-ami-ecs-hvm-2.0.1718313299-666b6153-a917-5365-0c6f-7ec3778d7f22-x86_64-ebs
us-east-1,us-east-1a,prod-ansible-awx,i-04691442b0525e0e4,t3a.medium,On-demand,ami-09c9e4b622f29dd1c,plivo/amzn2-ami-ecs-hvm-2.0.1718313299-666b6153-a917-5365-0c6f-7ec3778d7f22-x86_64-ebs
us-east-1,us-east-1a,prod-shared-dbcfg-aurora2consulagent,i-0eb485be1f23372f6,t3a.micro,On-demand,ami-0929150dba427b8eb,bottlerocket-aws-ecs-2-x86_64-v1.24.0-800458c4
us-east-1,us-east-1a,prod-devops-consul,i-022e18b449f878d50,m5ad.large,On-demand,ami-0929150dba427b8eb,bottlerocket-aws-ecs-2-x86_64-v1.24.0-800458c4
us-east-1,us-east-1a,prod-zentrunk-central,i-0148bde80ab317ec7,c6g.large,On-demand,ami-08ea857d646d2a457,bottlerocket-aws-ecs-2-aarch64-v1.24.0-800458c4
us-east-1,us-east-1a,prod-zentrunk-central,i-0920ecb4772e7d689,c6g.large,On-demand,ami-08ea857d646d2a457,bottlerocket-aws-ecs-2-aarch64-v1.24.0-800458c4
us-east-1,us-east-1a,prod-zentrunk-central,i-07514a993e2c15900,c6g.large,On-demand,ami-08ea857d646d2a457,bottlerocket-aws-ecs-2-aarch64-v1.24.0-800458c4
us-east-1,us-east-1a,prod-zentrunk-central,i-04af2653b682d58bf,c6g.large,On-demand,ami-08ea857d646d2a457,bottlerocket-aws-ecs-2-aarch64-v1.24.0-800458c4
us-east-1,us-east-1a,prod-zentrunk-central,i-0c1c020cd64b7898e,c6g.large,On-demand,ami-08ea857d646d2a457,bottlerocket-aws-ecs-2-aarch64-v1.24.0-800458c4
us-east-1,us-east-1a,devops-edge-classic-test-ec2,i-0777fc3b5e6563534,t2.medium,On-demand,ami-063d43db0594b521b,al2023-ami-2023.6.20241031.0-kernel-6.1-x86_64
us-east-1,us-east-1a,prod-zentrunk-inboundsip1,i-0abbc8b5c62fdeef1,c5.large,On-demand,ami-01be21afafb73a442,plivo/amzn2-ami-ecs-hvm-2.0.1709402848-65e36ae0-57e0-138f-6ffc-ffbcd2adce9e-x86_64-ebs
us-east-1,us-east-1c,prod-voice-core-sipphone,i-0a5260c2252f81445,c5.xlarge,On-demand,ami-0a6f1d8cb976e6b0f,plivo/amzn2-ami-ecs-hvm-2.0.1727248188-66f3b73c-31ba-939f-8068-d6b60a59910e-x86_64-ebs
us-east-1,us-east-1c,prod-voice-core-sipphone,i-0c459654647daae20,c5.xlarge,On-demand,ami-0a6f1d8cb976e6b0f,plivo/amzn2-ami-ecs-hvm-2.0.1727248188-66f3b73c-31ba-939f-8068-d6b60a59910e-x86_64-ebs
us-east-1,us-east-1c,prod-devops-misc-use1,i-0ea69a931ed73f6b2,t3.micro,On-demand,ami-0929150dba427b8eb,bottlerocket-aws-ecs-2-x86_64-v1.24.0-800458c4
us-east-1,us-east-1c,prod-devops-consul,i-02a2bff81ddf88ddb,m5ad.large,On-demand,ami-0929150dba427b8eb,bottlerocket-aws-ecs-2-x86_64-v1.24.0-800458c4
us-east-1,us-east-1c,prod-callinsights-ws,i-02fa46ce7cc899e70,t4g.small,On-demand,ami-08ea857d646d2a457,bottlerocket-aws-ecs-2-aarch64-v1.24.0-800458c4
us-east-1,us-east-1a,prod-zentrunk-inbound-sbc-inbound-sbc,i-0651a512e49158a1e,c5.large,On-demand,ami-01be21afafb73a442,plivo/amzn2-ami-ecs-hvm-2.0.1709402848-65e36ae0-57e0-138f-6ffc-ffbcd2adce9e-x86_64-ebs
us-east-1,us-east-1a,prod-zentrunk-outbound-sbc-outbound-sbc,i-0ece62b5d8de99e7a,c5.xlarge,On-demand,ami-01be21afafb73a442,plivo/amzn2-ami-ecs-hvm-2.0.1709402848-65e36ae0-57e0-138f-6ffc-ffbcd2adce9e-x86_64-ebs
us-east-1,us-east-1a,prod-voice-cdr-aurora2consulagent,i-05fab4910fa80a2e2,t3a.micro,On-demand,ami-0929150dba427b8eb,bottlerocket-aws-ecs-2-x86_64-v1.24.0-800458c4
us-east-1,us-east-1a,prod-voice-recordings,i-0b312ae17d8a6c435,c6gn.large,On-demand,ami-08ea857d646d2a457,bottlerocket-aws-ecs-2-aarch64-v1.24.0-800458c4
us-east-1,us-east-1a,prod-callinsights,i-031d3d0aaebbdc782,c6g.xlarge,On-demand,ami-08ea857d646d2a457,bottlerocket-aws-ecs-2-aarch64-v1.24.0-800458c4
us-east-1,us-east-1a,prod-zentrunk-central,i-0df70a9b2dd1ae31b,c6g.large,On-demand,ami-08ea857d646d2a457,bottlerocket-aws-ecs-2-aarch64-v1.24.0-800458c4
us-east-1,us-east-1a,prod-callinsights-ws,i-0ad867016f1d624c1,t4g.small,On-demand,ami-08ea857d646d2a457,bottlerocket-aws-ecs-2-aarch64-v1.24.0-800458c4
us-east-1,us-east-1b,prod-zentrunk-inbound-sbc-inbound-sbc,i-029525fee32db77f0,c5.large,On-demand,ami-01be21afafb73a442,plivo/amzn2-ami-ecs-hvm-2.0.1709402848-65e36ae0-57e0-138f-6ffc-ffbcd2adce9e-x86_64-ebs
us-east-1,us-east-1b,prod-zentrunk-outbound-sbc-outbound-sbc,i-0db5ccad7be1bf141,c5.xlarge,On-demand,ami-01be21afafb73a442,plivo/amzn2-ami-ecs-hvm-2.0.1709402848-65e36ae0-57e0-138f-6ffc-ffbcd2adce9e-x86_64-ebs
us-east-1,us-east-1b,prod-voice-core,i-00673f9df4f43222f,g4dn.xlarge,On-demand,ami-0620186343c88cb81,piper-ami-prod-sharing
us-east-1,us-east-1b,prod-zentrunk-qa-qa,i-066264c28f902ae0d,t4g.medium,On-demand,ami-079de6952aa13d68b,plivo/amzn2-ami-ecs-hvm-2.0.1727248189-66f3b73d-f90b-67a9-9231-ec789e989bf4-arm64-ebs
us-east-1,us-east-1b,prod-voice-core,i-0c21a6e5096608827,c5.large,On-demand,ami-0a6f1d8cb976e6b0f,plivo/amzn2-ami-ecs-hvm-2.0.1727248188-66f3b73c-31ba-939f-8068-d6b60a59910e-x86_64-ebs
us-east-1,us-east-1b,prod-voice-core,i-0efaf27ec9801152e,c5.large,On-demand,ami-0a6f1d8cb976e6b0f,plivo/amzn2-ami-ecs-hvm-2.0.1727248188-66f3b73c-31ba-939f-8068-d6b60a59910e-x86_64-ebs
us-east-1,us-east-1b,prod-zentrunk-central,i-0551bc0c4bd261365,c6g.large,On-demand,ami-08ea857d646d2a457,bottlerocket-aws-ecs-2-aarch64-v1.24.0-800458c4
us-east-1,us-east-1b,prod-zentrunk-central,i-05bd2646ba36dab35,c6g.large,On-demand,ami-08ea857d646d2a457,bottlerocket-aws-ecs-2-aarch64-v1.24.0-800458c4
us-east-1,us-east-1b,prod-zentrunk-central,i-05a957a84fa8c7a28,c6g.large,On-demand,ami-08ea857d646d2a457,bottlerocket-aws-ecs-2-aarch64-v1.24.0-800458c4
us-east-1,us-east-1b,prod-zentrunk-central,i-08b2faa30e6d05e58,c6g.large,On-demand,ami-08ea857d646d2a457,bottlerocket-aws-ecs-2-aarch64-v1.24.0-800458c4
us-east-1,us-east-1b,prod-zentrunk-custom-inboundsip1,i-04bc2862fa7ece7bc,c5.large,On-demand,ami-01be21afafb73a442,plivo/amzn2-ami-ecs-hvm-2.0.1709402848-65e36ae0-57e0-138f-6ffc-ffbcd2adce9e-x86_64-ebs
us-east-1,us-east-1b,prod-zentrunk-inboundsip1,i-0fce5e83c25314c50,c5.large,On-demand,ami-01be21afafb73a442,plivo/amzn2-ami-ecs-hvm-2.0.1709402848-65e36ae0-57e0-138f-6ffc-ffbcd2adce9e-x86_64-ebs
us-east-1,us-east-1b,prod-voice-core,i-0e3cbf15f2dc6d2d3,c5.large,On-demand,ami-0a6f1d8cb976e6b0f,plivo/amzn2-ami-ecs-hvm-2.0.1727248188-66f3b73c-31ba-939f-8068-d6b60a59910e-x86_64-ebs
us-east-1,us-east-1b,prod-voice-core,i-0ea7717838bcd5c63,c5.large,On-demand,ami-0a6f1d8cb976e6b0f,plivo/amzn2-ami-ecs-hvm-2.0.1727248188-66f3b73c-31ba-939f-8068-d6b60a59910e-x86_64-ebs
us-east-1,us-east-1b,prod-voice-core,i-0e97c1e88fb9e9149,c5.large,On-demand,ami-0a6f1d8cb976e6b0f,plivo/amzn2-ami-ecs-hvm-2.0.1727248188-66f3b73c-31ba-939f-8068-d6b60a59910e-x86_64-ebs
us-east-1,us-east-1b,prod-zentrunk-rtpengine-rtpengine,i-0eb7910b55c1ebb56,c5.large,On-demand,ami-01be21afafb73a442,plivo/amzn2-ami-ecs-hvm-2.0.1709402848-65e36ae0-57e0-138f-6ffc-ffbcd2adce9e-x86_64-ebs
us-east-1,us-east-1b,prod-voice-core-sipphone,i-038eab89d498b4bee,c5.xlarge,On-demand,ami-0a6f1d8cb976e6b0f,plivo/amzn2-ami-ecs-hvm-2.0.1727248188-66f3b73c-31ba-939f-8068-d6b60a59910e-x86_64-ebs
us-east-1,us-east-1b,prod-shared-dbcfg-aurora2consulagent,i-0b9e3c581a804196e,t3a.micro,On-demand,ami-0929150dba427b8eb,bottlerocket-aws-ecs-2-x86_64-v1.24.0-800458c4
us-east-1,us-east-1b,prod-devops-consul,i-0035fb8c79e31af93,m5ad.large,On-demand,ami-0929150dba427b8eb,bottlerocket-aws-ecs-2-x86_64-v1.24.0-800458c4
us-east-1,us-east-1b,prod-voice-cdr-aurora2consulagent,i-0b58f6e8d0538da9e,t3a.micro,On-demand,ami-0929150dba427b8eb,bottlerocket-aws-ecs-2-x86_64-v1.24.0-800458c4
us-east-1,us-east-1b,prod-voice-recordings,i-0540b1831b8e11e5e,c6gn.large,On-demand,ami-08ea857d646d2a457,bottlerocket-aws-ecs-2-aarch64-v1.24.0-800458c4
us-east-1,us-east-1b,prod-zentrunk-central,i-0cd014256d4ca0f75,c6g.large,On-demand,ami-08ea857d646d2a457,bottlerocket-aws-ecs-2-aarch64-v1.24.0-800458c4
us-east-1,us-east-1b,prod-zentrunk-central,i-010866fc509a64c44,c6g.large,On-demand,ami-08ea857d646d2a457,bottlerocket-aws-ecs-2-aarch64-v1.24.0-800458c4
us-east-1,us-east-1b,prod-voice-core-sipphone,i-06b174f4b05d1aa84,c5.xlarge,On-demand,ami-0a6f1d8cb976e6b0f,plivo/amzn2-ami-ecs-hvm-2.0.1727248188-66f3b73c-31ba-939f-8068-d6b60a59910e-x86_64-ebs
us-east-1,us-east-1b,prod-central-accsrv,i-06e6c5f8a2c750c85,m5.large,On-demand,ami-09c9e4b622f29dd1c,plivo/amzn2-ami-ecs-hvm-2.0.1718313299-666b6153-a917-5365-0c6f-7ec3778d7f22-x86_64-ebs
us-east-1,us-east-1b,prod-sms-plivoapi,i-016229143228176dd,c5.large,On-demand,ami-0929150dba427b8eb,bottlerocket-aws-ecs-2-x86_64-v1.24.0-800458c4
us-east-1,us-east-1b,prod-sms-shared,i-00c8e7fd81210ac37,c5.large,On-demand,ami-0929150dba427b8eb,bottlerocket-aws-ecs-2-x86_64-v1.24.0-800458c4
us-east-1,us-east-1c,prod-voice-core-csg-ms,i-0921197eeceff3bcc,t3a.medium,On-demand,ami-09b6c628f32425374,plivo/debian-bullseye-hvm-11-amd64-server-1727768517-66fba7c5-7c2c-6fa2-f516-b76cdce894a8
us-east-1,us-east-1c,prod-callinsights-chunk-proc,i-00a29d8801ebba670,t4g.medium,On-demand,ami-08ea857d646d2a457,bottlerocket-aws-ecs-2-aarch64-v1.24.0-800458c4
us-east-1,us-east-1c,prod-central-accsrv,i-0bc61144a9dbb0d3f,m5.large,On-demand,ami-09c9e4b622f29dd1c,plivo/amzn2-ami-ecs-hvm-2.0.1718313299-666b6153-a917-5365-0c6f-7ec3778d7f22-x86_64-ebs
us-east-1,us-east-1c,prod-voice-core-ms,i-02747ff4d70f9a157,c7g.2xlarge,On-demand,ami-034f09b7ebf1153c8,plivo/debian-bullseye-hvm-11-arm-server-1727760377-66fb87f9-f2ca-d380-5b10-aae320715ede
us-east-1,us-east-1c,prod-voice-core-webms,i-07a919aac467783f1,c6i.2xlarge,On-demand,ami-0ed5cfbd214968edb,plivo/debian-buster-hvm-10.11-amd64-server-1727935647-66fe349f-7eb2-7910-ba21-bbb24c41a132
us-east-1,us-east-1a,prod-zentrunk-custom-inboundsip1,i-0b9fe1a2bbbd7a47a,c5.large,On-demand,ami-01be21afafb73a442,plivo/amzn2-ami-ecs-hvm-2.0.1709402848-65e36ae0-57e0-138f-6ffc-ffbcd2adce9e-x86_64-ebs
us-east-1,us-east-1a,prod-voice-core,i-069444b0c27d7a2bc,c5.large,On-demand,ami-0a6f1d8cb976e6b0f,plivo/amzn2-ami-ecs-hvm-2.0.1727248188-66f3b73c-31ba-939f-8068-d6b60a59910e-x86_64-ebs
us-east-1,us-east-1a,prod-sms-plivoapi,i-088499784bc40ee74,c5.large,On-demand,ami-0929150dba427b8eb,bottlerocket-aws-ecs-2-x86_64-v1.24.0-800458c4
us-east-1,us-east-1a,prod-sms-plivoapi,i-0c7c0547b19a2dee8,c5.large,On-demand,ami-0929150dba427b8eb,bottlerocket-aws-ecs-2-x86_64-v1.24.0-800458c4
us-east-1,us-east-1a,prod-sms-shared,i-0e36d41f951d52341,c5.large,On-demand,ami-0929150dba427b8eb,bottlerocket-aws-ecs-2-x86_64-v1.24.0-800458c4
us-east-1,us-east-1a,prod-central-accsrv,i-00ce9329c07cb96ef,m5.large,On-demand,ami-09c9e4b622f29dd1c,plivo/amzn2-ami-ecs-hvm-2.0.1718313299-666b6153-a917-5365-0c6f-7ec3778d7f22-x86_64-ebs
us-east-1,us-east-1a,prod-zentrunk-loadbalancer,i-09906a1fabacff175,c5.xlarge,On-demand,ami-01be21afafb73a442,plivo/amzn2-ami-ecs-hvm-2.0.1709402848-65e36ae0-57e0-138f-6ffc-ffbcd2adce9e-x86_64-ebs
us-east-1,us-east-1a,prod-fin-systems,i-0dae1189c98d6021b,c5.large,On-demand,ami-0929150dba427b8eb,bottlerocket-aws-ecs-2-x86_64-v1.24.0-800458c4
us-east-1,us-east-1a,prod-zentrunk,i-0955645342817ba77,c6g.large,On-demand,ami-08ea857d646d2a457,bottlerocket-aws-ecs-2-aarch64-v1.24.0-800458c4
us-east-1,us-east-1a,prod-zentrunk,i-0c224f26585a857df,c6g.large,On-demand,ami-08ea857d646d2a457,bottlerocket-aws-ecs-2-aarch64-v1.24.0-800458c4
us-east-1,us-east-1a,prod-zentrunk,i-01eac7ab5cb196a02,c6g.large,On-demand,ami-08ea857d646d2a457,bottlerocket-aws-ecs-2-aarch64-v1.24.0-800458c4
us-east-1,us-east-1a,prod-voice-core-webms,i-0063bcd0dc21786d7,c6i.2xlarge,On-demand,ami-0ed5cfbd214968edb,plivo/debian-buster-hvm-10.11-amd64-server-1727935647-66fe349f-7eb2-7910-ba21-bbb24c41a132
us-east-1,us-east-1a,prod-voice-core-ms,i-029e3d60294dc9056,c7g.2xlarge,On-demand,ami-034f09b7ebf1153c8,plivo/debian-bullseye-hvm-11-arm-server-1727760377-66fb87f9-f2ca-d380-5b10-aae320715ede
us-east-1,us-east-1a,prod-voice-core-ms,i-069dce984b4519357,c7g.2xlarge,On-demand,ami-034f09b7ebf1153c8,plivo/debian-bullseye-hvm-11-arm-server-1727760377-66fb87f9-f2ca-d380-5b10-aae320715ede
us-east-1,us-east-1a,prod-voice-core-webms,i-0afbe83a8f380a1eb,c6i.2xlarge,On-demand,ami-0ed5cfbd214968edb,plivo/debian-buster-hvm-10.11-amd64-server-1727935647-66fe349f-7eb2-7910-ba21-bbb24c41a132
us-east-1,us-east-1a,prod-sms-numberlookup,i-09c9b935701723064,c5.large,On-demand,ami-0929150dba427b8eb,bottlerocket-aws-ecs-2-x86_64-v1.24.0-800458c4
us-east-1,us-east-1a,prod-voice-core,i-09d7d8e63a7a188ea,c5.large,On-demand,ami-0a6f1d8cb976e6b0f,plivo/amzn2-ami-ecs-hvm-2.0.1727248188-66f3b73c-31ba-939f-8068-d6b60a59910e-x86_64-ebs
us-east-1,us-east-1a,prod-voice-core,i-0f7b4925697a54d1d,c5.large,On-demand,ami-0a6f1d8cb976e6b0f,plivo/amzn2-ami-ecs-hvm-2.0.1727248188-66f3b73c-31ba-939f-8068-d6b60a59910e-x86_64-ebs
us-east-1,us-east-1a,prod-zentrunk-rtpengine-rtpengine,i-0667188791329019a,c5.large,On-demand,ami-01be21afafb73a442,plivo/amzn2-ami-ecs-hvm-2.0.1709402848-65e36ae0-57e0-138f-6ffc-ffbcd2adce9e-x86_64-ebs
us-east-1,us-east-1a,prod-zentrunk-rtpengine-rtpengine,i-0148e0192f0508f40,c5.large,On-demand,ami-01be21afafb73a442,plivo/amzn2-ami-ecs-hvm-2.0.1709402848-65e36ae0-57e0-138f-6ffc-ffbcd2adce9e-x86_64-ebs
us-east-1,us-east-1a,prod-central-accsrv,i-0935aaa34f20d4b9f,m5.large,On-demand,ami-09c9e4b622f29dd1c,plivo/amzn2-ami-ecs-hvm-2.0.1718313299-666b6153-a917-5365-0c6f-7ec3778d7f22-x86_64-ebs
us-east-1,us-east-1a,prod-sms-plivoapi,i-0a0531e32a7ec1996,c5.large,On-demand,ami-0929150dba427b8eb,bottlerocket-aws-ecs-2-x86_64-v1.24.0-800458c4
us-east-1,us-east-1a,prod-sms-shared,i-07d1836f6ebdb434d,c5.large,On-demand,ami-0929150dba427b8eb,bottlerocket-aws-ecs-2-x86_64-v1.24.0-800458c4
us-east-1,us-east-1a,prod-zentrunk-app-server,i-0fe99ca81a6733c96,c5.large,On-demand,ami-01be21afafb73a442,plivo/amzn2-ami-ecs-hvm-2.0.1709402848-65e36ae0-57e0-138f-6ffc-ffbcd2adce9e-x86_64-ebs
us-east-1,us-east-1a,prod-zentrunk-app-server,i-0ec085fccedfbb64a,c5.large,On-demand,ami-01be21afafb73a442,plivo/amzn2-ami-ecs-hvm-2.0.1709402848-65e36ae0-57e0-138f-6ffc-ffbcd2adce9e-x86_64-ebs
us-east-1,us-east-1a,prod-zentrunk-central,i-0965b5f2c9a18b915,c6g.large,On-demand,ami-08ea857d646d2a457,bottlerocket-aws-ecs-2-aarch64-v1.24.0-800458c4
us-east-1,us-east-1a,prod-voice,i-0d0cf98b50f3798fc,c7g.large,On-demand,ami-08ea857d646d2a457,bottlerocket-aws-ecs-2-aarch64-v1.24.0-800458c4
us-east-1,us-east-1a,prod-voice,i-09c33938e314f52ed,c7g.large,On-demand,ami-08ea857d646d2a457,bottlerocket-aws-ecs-2-aarch64-v1.24.0-800458c4
us-east-1,us-east-1a,prod-voice-core-ms,i-0b27ff6440d4121fd,c7g.2xlarge,On-demand,ami-034f09b7ebf1153c8,plivo/debian-bullseye-hvm-11-arm-server-1727760377-66fb87f9-f2ca-d380-5b10-aae320715ede
us-east-1,us-east-1a,prod-voice,i-02340a5e495b180c2,c7g.large,On-demand,ami-08ea857d646d2a457,bottlerocket-aws-ecs-2-aarch64-v1.24.0-800458c4
us-east-1,us-east-1a,prod-voice,i-06792625255c24bca,c7g.large,On-demand,ami-08ea857d646d2a457,bottlerocket-aws-ecs-2-aarch64-v1.24.0-800458c4
us-east-1,us-east-1a,prod-voice-core-ms,i-0f09aba377972015e,c7g.2xlarge,On-demand,ami-034f09b7ebf1153c8,plivo/debian-bullseye-hvm-11-arm-server-1727760377-66fb87f9-f2ca-d380-5b10-aae320715ede
us-east-1,us-east-1a,prod-zentrunk-rtpengine-rtpengine,i-0bdb1c182b931fe76,c5.large,On-demand,ami-01be21afafb73a442,plivo/amzn2-ami-ecs-hvm-2.0.1709402848-65e36ae0-57e0-138f-6ffc-ffbcd2adce9e-x86_64-ebs
us-east-1,us-east-1a,prod-numbers,i-0c147ba7b35c33507,c5.large,On-demand,ami-0929150dba427b8eb,bottlerocket-aws-ecs-2-x86_64-v1.24.0-800458c4
us-east-1,us-east-1a,prod-fin-systems,i-073d55a7559bdca1a,c5.large,On-demand,ami-0929150dba427b8eb,bottlerocket-aws-ecs-2-x86_64-v1.24.0-800458c4
us-east-1,us-east-1d,prod-voice-core-webms,i-02ded118493ca1a1e,c6i.2xlarge,On-demand,ami-0ed5cfbd214968edb,plivo/debian-buster-hvm-10.11-amd64-server-1727935647-66fe349f-7eb2-7910-ba21-bbb24c41a132
us-east-1,us-east-1c,prod-voice-core-ms,i-0c3d7e7956f466488,c7g.2xlarge,On-demand,ami-034f09b7ebf1153c8,plivo/debian-bullseye-hvm-11-arm-server-1727760377-66fb87f9-f2ca-d380-5b10-aae320715ede
us-east-1,us-east-1c,prod-voice-core-ms,i-060b8c309d7debcc4,c7g.2xlarge,On-demand,ami-034f09b7ebf1153c8,plivo/debian-bullseye-hvm-11-arm-server-1727760377-66fb87f9-f2ca-d380-5b10-aae320715ede
us-east-1,us-east-1c,prod-voice-core-ms,i-0a859b111c696e7f3,c7g.2xlarge,On-demand,ami-034f09b7ebf1153c8,plivo/debian-bullseye-hvm-11-arm-server-1727760377-66fb87f9-f2ca-d380-5b10-aae320715ede
us-east-1,us-east-1b,prod-sms-shared,i-01575b2b5686d5710,c5.large,On-demand,ami-0929150dba427b8eb,bottlerocket-aws-ecs-2-x86_64-v1.24.0-800458c4
us-east-1,us-east-1b,prod-sms-plivoapi,i-0f9b2fb0698aa740c,c5.large,On-demand,ami-0929150dba427b8eb,bottlerocket-aws-ecs-2-x86_64-v1.24.0-800458c4
us-east-1,us-east-1b,prod-sms-plivoapi,i-0b6e0c747ebfe3967,c5.large,On-demand,ami-0929150dba427b8eb,bottlerocket-aws-ecs-2-x86_64-v1.24.0-800458c4
us-east-1,us-east-1b,prod-sms-shared,i-0deccc433e9ced4c4,c5.large,On-demand,ami-0929150dba427b8eb,bottlerocket-aws-ecs-2-x86_64-v1.24.0-800458c4
us-east-1,us-east-1b,prod-voice,i-084d1a69470fed029,c7g.large,On-demand,ami-08ea857d646d2a457,bottlerocket-aws-ecs-2-aarch64-v1.24.0-800458c4
us-east-1,us-east-1b,prod-fin-systems,i-096124eeb269bcc04,c5.large,On-demand,ami-0929150dba427b8eb,bottlerocket-aws-ecs-2-x86_64-v1.24.0-800458c4
us-east-1,us-east-1b,prod-voice-core-ms,i-0199a4f1686be45b9,c7g.2xlarge,On-demand,ami-034f09b7ebf1153c8,plivo/debian-bullseye-hvm-11-arm-server-1727760377-66fb87f9-f2ca-d380-5b10-aae320715ede
us-east-1,us-east-1b,prod-voice-core-ms,i-020f9168fb250436b,c7g.2xlarge,On-demand,ami-034f09b7ebf1153c8,plivo/debian-bullseye-hvm-11-arm-server-1727760377-66fb87f9-f2ca-d380-5b10-aae320715ede
us-east-1,us-east-1b,prod-zentrunk-rtpengine-rtpengine,i-0268919edd3fc24f8,c5.large,On-demand,ami-01be21afafb73a442,plivo/amzn2-ami-ecs-hvm-2.0.1709402848-65e36ae0-57e0-138f-6ffc-ffbcd2adce9e-x86_64-ebs
us-east-1,us-east-1b,prod-voice,i-0e21df977052c1e7e,c7g.large,On-demand,ami-08ea857d646d2a457,bottlerocket-aws-ecs-2-aarch64-v1.24.0-800458c4
us-east-1,us-east-1b,prod-zentrunk-rtpengine-rtpengine,i-0774fe5f01a28ed2f,c5.large,On-demand,ami-01be21afafb73a442,plivo/amzn2-ami-ecs-hvm-2.0.1709402848-65e36ae0-57e0-138f-6ffc-ffbcd2adce9e-x86_64-ebs
us-east-1,us-east-1b,prod-sms-numberlookup,i-061bbe4cf8a9e320c,c5.large,On-demand,ami-0929150dba427b8eb,bottlerocket-aws-ecs-2-x86_64-v1.24.0-800458c4
us-east-1,us-east-1b,prod-numbers,i-08c86704a4ca10159,c5.large,On-demand,ami-0929150dba427b8eb,bottlerocket-aws-ecs-2-x86_64-v1.24.0-800458c4
us-east-1,us-east-1b,prod-zentrunk-rtpengine-rtpengine,i-0090996e678922ec2,c5.large,On-demand,ami-01be21afafb73a442,plivo/amzn2-ami-ecs-hvm-2.0.1709402848-65e36ae0-57e0-138f-6ffc-ffbcd2adce9e-x86_64-ebs
us-east-1,us-east-1b,prod-voice,i-0db14677a43985620,c7g.large,On-demand,ami-08ea857d646d2a457,bottlerocket-aws-ecs-2-aarch64-v1.24.0-800458c4
us-east-1,us-east-1b,prod-zentrunk-app-server,i-02282cebbb2af48c0,c5.large,On-demand,ami-01be21afafb73a442,plivo/amzn2-ami-ecs-hvm-2.0.1709402848-65e36ae0-57e0-138f-6ffc-ffbcd2adce9e-x86_64-ebs
us-east-1,us-east-1b,prod-zentrunk,i-06b39e9f0c45496c2,c6g.large,On-demand,ami-08ea857d646d2a457,bottlerocket-aws-ecs-2-aarch64-v1.24.0-800458c4
us-east-1,us-east-1b,prod-zentrunk,i-094537bdb9c3f3230,c6g.large,On-demand,ami-08ea857d646d2a457,bottlerocket-aws-ecs-2-aarch64-v1.24.0-800458c4
us-east-1,us-east-1b,prod-voice-core-webms,i-0827548a15f639ce9,c6i.2xlarge,On-demand,ami-0ed5cfbd214968edb,plivo/debian-buster-hvm-10.11-amd64-server-1727935647-66fe349f-7eb2-7910-ba21-bbb24c41a132
us-east-1,us-east-1b,prod-numbers,i-09c753b3650201600,c5.large,On-demand,ami-0929150dba427b8eb,bottlerocket-aws-ecs-2-x86_64-v1.24.0-800458c4
us-east-1,us-east-1b,prod-voice-core-ms,i-07af049bda998026a,c7g.2xlarge,On-demand,ami-034f09b7ebf1153c8,plivo/debian-bullseye-hvm-11-arm-server-1727760377-66fb87f9-f2ca-d380-5b10-aae320715ede
us-east-1,us-east-1b,prod-zentrunk-rtpengine-rtpengine,i-06c4b69c8ad000418,c5.large,On-demand,ami-01be21afafb73a442,plivo/amzn2-ami-ecs-hvm-2.0.1709402848-65e36ae0-57e0-138f-6ffc-ffbcd2adce9e-x86_64-ebs
us-east-1,us-east-1b,prod-zentrunk-rtpengine-rtpengine,i-0444a92ea1bafb44f,c5.large,On-demand,ami-01be21afafb73a442,plivo/amzn2-ami-ecs-hvm-2.0.1709402848-65e36ae0-57e0-138f-6ffc-ffbcd2adce9e-x86_64-ebs
us-east-1,us-east-1b,prod-voice,i-0292e4c1263b641f5,c7g.large,On-demand,ami-08ea857d646d2a457,bottlerocket-aws-ecs-2-aarch64-v1.24.0-800458c4
us-east-1,us-east-1b,prod-voice-core-ms,i-09ae36c38925970aa,c7g.2xlarge,On-demand,ami-034f09b7ebf1153c8,plivo/debian-bullseye-hvm-11-arm-server-1727760377-66fb87f9-f2ca-d380-5b10-aae320715ede
us-east-1,us-east-1b,prod-voice-core-ms,i-0d4d8be92584d6f9d,c7g.2xlarge,On-demand,ami-034f09b7ebf1153c8,plivo/debian-bullseye-hvm-11-arm-server-1727760377-66fb87f9-f2ca-d380-5b10-aae320715ede
us-east-1,us-east-1b,prod-zentrunk-rtpengine-rtpengine,i-05038bf73fcae518c,c5.large,On-demand,ami-01be21afafb73a442,plivo/amzn2-ami-ecs-hvm-2.0.1709402848-65e36ae0-57e0-138f-6ffc-ffbcd2adce9e-x86_64-ebs
us-west-1,us-west-1a,Heap-Redshift-Tunnel,i-0e12970e81b6d533e,t3.micro,On-demand,ami-056ee704806822732,amzn2-ami-hvm-2.0.20190618-x86_64-gp2
us-west-1,us-west-1a,prod-jumpbox-psql,i-056ef9010da45f3af,t3a.small,On-demand,ami-0ac31f1c33bbe8d41,Unknown
us-west-1,us-west-1a,vapt-us-west-1,i-0741d86c50f9017dd,t3.medium,On-demand,ami-085284d24fe829cd0,ubuntu/images/hvm-ssd/ubuntu-jammy-22.04-amd64-server-20220609
us-west-1,us-west-1b,prod-voice-pgbouncer,i-00cfde83158212fcd,c5.large,On-demand,ami-03f0a931a49b18d6a,Unknown
us-west-1,us-west-1a,prod-voice-pgbouncer,i-09b4fc4f8d037d30d,c5.large,On-demand,ami-03f0a931a49b18d6a,Unknown
us-west-1,us-west-1a,prod-zentrunk-loadbalancer,i-02d9f1fcccc0f6e61,c5.large,On-demand,ami-03f0a931a49b18d6a,Unknown
us-west-1,us-west-1a,prod-zentrunk-spkms-spkms,i-05c8d410db671bfa9,t3a.medium,On-demand,ami-03f0a931a49b18d6a,Unknown
us-west-1,us-west-1a,prod-netnumbers-vpn-usw1,i-0f0bd17e51d2df89a,t3a.large,On-demand,ami-0288cb09f417374f8,plivo/amzn2-ami-hvm-2.0.1718312197-666b5d05-66dc-2941-8808-9d73f3c123e9-x86_64-ebs
us-west-1,us-west-1a,prod-zentrunk-inbound-sbc-inbound-sbc,i-05198d3e0d20cf8f9,c5.large,On-demand,ami-04bff186e8aeecf83,plivo/amzn2-ami-ecs-hvm-2.0.1709402848-65e36ae0-57e0-138f-6ffc-ffbcd2adce9e-x86_64-ebs
us-west-1,us-west-1b,prod-zentrunk-loadbalancer,i-0c3a7490657b3081d,c5.large,On-demand,ami-03f0a931a49b18d6a,Unknown
us-west-1,us-west-1b,prod-zentrunk-inbound-sbc-inbound-sbc,i-0c6887795f50bdb3f,c5.large,On-demand,ami-04bff186e8aeecf83,plivo/amzn2-ami-ecs-hvm-2.0.1709402848-65e36ae0-57e0-138f-6ffc-ffbcd2adce9e-x86_64-ebs
us-west-1,us-west-1b,fin-sys-kixie,i-0f91e995cb1523662,t2.small,On-demand,ami-0da424eb883458071,ubuntu/images/hvm-ssd-gp3/ubuntu-noble-24.04-amd64-server-20240927
us-west-1,us-west-1b,prod-voice-core-sipphone,i-0afe9d55cd1ca2497,c5.xlarge,On-demand,ami-09db31b680dc74d2f,plivo/amzn2-ami-ecs-hvm-2.0.1727248188-66f3b73c-31ba-939f-8068-d6b60a59910e-x86_64-ebs
us-west-1,us-west-1b,prod-voice-core,i-0ae7022fbfae857ca,c5.large,On-demand,ami-09db31b680dc74d2f,plivo/amzn2-ami-ecs-hvm-2.0.1727248188-66f3b73c-31ba-939f-8068-d6b60a59910e-x86_64-ebs
us-west-1,us-west-1b,prod-devops-sso2,i-0fc317f982ee56aec,t3a.small,On-demand,ami-04a9300904d02a7fe,bottlerocket-aws-ecs-2-x86_64-v1.24.0-800458c4
us-west-1,us-west-1b,prod-sms-dblog-aurora2consulagent,i-08efadab6b61fe22c,t3a.micro,On-demand,ami-04a9300904d02a7fe,bottlerocket-aws-ecs-2-x86_64-v1.24.0-800458c4
us-west-1,us-west-1b,prod-sms-numberpool-aurora2consulagent,i-02da656cca715f273,t3a.micro,On-demand,ami-04a9300904d02a7fe,bottlerocket-aws-ecs-2-x86_64-v1.24.0-800458c4
us-west-1,us-west-1b,prod-shared-dbcfg-aurora2consulagent,i-0c3537e0ff8510183,t3a.micro,On-demand,ami-04a9300904d02a7fe,bottlerocket-aws-ecs-2-x86_64-v1.24.0-800458c4
us-west-1,us-west-1b,prod-voice-cdr-aurora2consulagent,i-0e03848d4c69abc16,t3a.micro,On-demand,ami-04a9300904d02a7fe,bottlerocket-aws-ecs-2-x86_64-v1.24.0-800458c4
us-west-1,us-west-1b,prod-devops-consul,i-0752a607aa7c970f5,m5ad.large,On-demand,ami-04a9300904d02a7fe,bottlerocket-aws-ecs-2-x86_64-v1.24.0-800458c4
us-west-1,us-west-1b,prod-shared-devops-tools,i-0b73dfe7de5a6c110,c5.large,On-demand,ami-04a9300904d02a7fe,bottlerocket-aws-ecs-2-x86_64-v1.24.0-800458c4
us-west-1,us-west-1b,prod-sms-keycloak,i-08bd84e136df7c72d,t3.medium,On-demand,ami-04a9300904d02a7fe,bottlerocket-aws-ecs-2-x86_64-v1.24.0-800458c4
us-west-1,us-west-1b,prod-console-keycloak,i-01f97a7cf94500d8c,t2.medium,On-demand,ami-04a9300904d02a7fe,bottlerocket-aws-ecs-2-x86_64-v1.24.0-800458c4
us-west-1,us-west-1b,prod-zentrunk-pipeline,i-09c34bc666fbea050,r6g.2xlarge,On-demand,ami-0502f5e251340b89e,bottlerocket-aws-ecs-2-aarch64-v1.24.0-800458c4
us-west-1,us-west-1b,prod-voice-pipeline,i-0c60475692bd2c4a6,m7g.4xlarge,On-demand,ami-0502f5e251340b89e,bottlerocket-aws-ecs-2-aarch64-v1.24.0-800458c4
us-west-1,us-west-1b,prod-voice-worker,i-0d92a548e352a725a,c6g.large,On-demand,ami-0502f5e251340b89e,bottlerocket-aws-ecs-2-aarch64-v1.24.0-800458c4
us-west-1,us-west-1b,prod-voice-worker,i-0b2d81b9fa823241f,c6g.large,On-demand,ami-0502f5e251340b89e,bottlerocket-aws-ecs-2-aarch64-v1.24.0-800458c4
us-west-1,us-west-1b,prod-numbers,i-0c9fb847707303842,c5.xlarge,On-demand,ami-04a9300904d02a7fe,bottlerocket-aws-ecs-2-x86_64-v1.24.0-800458c4
us-west-1,us-west-1b,prod-numbers,i-0eb40488b0483dd9a,c5.xlarge,On-demand,ami-04a9300904d02a7fe,bottlerocket-aws-ecs-2-x86_64-v1.24.0-800458c4
us-west-1,us-west-1b,prod-numbers,i-01051054019b52d3d,c5.xlarge,On-demand,ami-04a9300904d02a7fe,bottlerocket-aws-ecs-2-x86_64-v1.24.0-800458c4
us-west-1,us-west-1b,prod-sms-messaging-dags,i-01abf51babb1914ee,c5.xlarge,On-demand,ami-04a9300904d02a7fe,bottlerocket-aws-ecs-2-x86_64-v1.24.0-800458c4
us-west-1,us-west-1b,prod-sms-plivo-api,i-0010067ec77a479b0,c5.xlarge,On-demand,ami-04a9300904d02a7fe,bottlerocket-aws-ecs-2-x86_64-v1.24.0-800458c4
us-west-1,us-west-1b,prod-sms-plivo-api,i-0d825c5f7fb9951da,c5.xlarge,On-demand,ami-04a9300904d02a7fe,bottlerocket-aws-ecs-2-x86_64-v1.24.0-800458c4
us-west-1,us-west-1b,prod-sms-plivo-api,i-002c3df7b333981b2,c5.xlarge,On-demand,ami-04a9300904d02a7fe,bottlerocket-aws-ecs-2-x86_64-v1.24.0-800458c4
us-west-1,us-west-1b,prod-sms-plivo-api,i-02072c15123d71def,c5.xlarge,On-demand,ami-04a9300904d02a7fe,bottlerocket-aws-ecs-2-x86_64-v1.24.0-800458c4
us-west-1,us-west-1b,prod-sms-plivo-api,i-028e5bb719faddb75,c5.xlarge,On-demand,ami-04a9300904d02a7fe,bottlerocket-aws-ecs-2-x86_64-v1.24.0-800458c4
us-west-1,us-west-1b,prod-sms-plivo-api,i-08b61a342955b79a2,c5.xlarge,On-demand,ami-04a9300904d02a7fe,bottlerocket-aws-ecs-2-x86_64-v1.24.0-800458c4
us-west-1,us-west-1b,prod-voice-core-sipphone,i-048e1d44d8e7619be,c5.xlarge,On-demand,ami-09db31b680dc74d2f,plivo/amzn2-ami-ecs-hvm-2.0.1727248188-66f3b73c-31ba-939f-8068-d6b60a59910e-x86_64-ebs
us-west-1,us-west-1b,prod-callinsights-stats,i-009627382c3392a0f,t4g.small,On-demand,ami-0502f5e251340b89e,bottlerocket-aws-ecs-2-aarch64-v1.24.0-800458c4
us-west-1,us-west-1b,prod-callinsights-reporting,i-048b15f0aca456ddf,t4g.medium,On-demand,ami-0502f5e251340b89e,bottlerocket-aws-ecs-2-aarch64-v1.24.0-800458c4
us-west-1,us-west-1b,prod-callinsights-ws,i-00107d0e24843ecae,t4g.small,On-demand,ami-0502f5e251340b89e,bottlerocket-aws-ecs-2-aarch64-v1.24.0-800458c4
us-west-1,us-west-1b,prod-voice,i-015b115407383cb00,c7g.large,On-demand,ami-0502f5e251340b89e,bottlerocket-aws-ecs-2-aarch64-v1.24.0-800458c4
us-west-1,us-west-1b,prod-voice,i-0b72bfc2f92f36ec9,c7g.large,On-demand,ami-0502f5e251340b89e,bottlerocket-aws-ecs-2-aarch64-v1.24.0-800458c4
us-west-1,us-west-1b,prod-voice,i-0c546069fa38e857d,c7g.large,On-demand,ami-0502f5e251340b89e,bottlerocket-aws-ecs-2-aarch64-v1.24.0-800458c4
us-west-1,us-west-1b,prod-numbers-sip_server,i-003d3c091257c9747,t3a.medium,On-demand,ami-04a9300904d02a7fe,bottlerocket-aws-ecs-2-x86_64-v1.24.0-800458c4
us-west-1,us-west-1b,prod-voice,i-0835ae117236b7423,c7g.large,On-demand,ami-0502f5e251340b89e,bottlerocket-aws-ecs-2-aarch64-v1.24.0-800458c4
us-west-1,us-west-1b,prod-sms-kannel,i-0cb92f24d0a85b958,c4.2xlarge,On-demand,ami-04a9300904d02a7fe,bottlerocket-aws-ecs-2-x86_64-v1.24.0-800458c4
us-west-1,us-west-1b,prod-sms-pgb,i-072ed18facedc2d58,c5.large,On-demand,ami-04a9300904d02a7fe,bottlerocket-aws-ecs-2-x86_64-v1.24.0-800458c4
us-west-1,us-west-1b,prod-voice-core,i-0500a086c5c8d4151,c5.large,On-demand,ami-09db31b680dc74d2f,plivo/amzn2-ami-ecs-hvm-2.0.1727248188-66f3b73c-31ba-939f-8068-d6b60a59910e-x86_64-ebs
us-west-1,us-west-1b,prod-ryuk,i-086730059adf6e8c1,t3.medium,On-demand,ami-04a9300904d02a7fe,bottlerocket-aws-ecs-2-x86_64-v1.24.0-800458c4
us-west-1,us-west-1b,prod-zentrunk-inboundsip1,i-07cc4457fcdf405b3,c5.large,On-demand,ami-04bff186e8aeecf83,plivo/amzn2-ami-ecs-hvm-2.0.1709402848-65e36ae0-57e0-138f-6ffc-ffbcd2adce9e-x86_64-ebs
us-west-1,us-west-1b,prod-zentrunk-custom-inboundsip1,i-00d12aa8048b0e1ce,c5.large,On-demand,ami-04bff186e8aeecf83,plivo/amzn2-ami-ecs-hvm-2.0.1709402848-65e36ae0-57e0-138f-6ffc-ffbcd2adce9e-x86_64-ebs
us-west-1,us-west-1b,prod-fin-systems,i-005316bce7bdda0e8,c5.large,On-demand,ami-04a9300904d02a7fe,bottlerocket-aws-ecs-2-x86_64-v1.24.0-800458c4
us-west-1,us-west-1b,prod-ryuk,i-05890af3908aff9f5,t3.medium,On-demand,ami-04a9300904d02a7fe,bottlerocket-aws-ecs-2-x86_64-v1.24.0-800458c4
us-west-1,us-west-1a,prod-voice-core,i-0fff8f5e27d6c2f23,c5.large,On-demand,ami-09db31b680dc74d2f,plivo/amzn2-ami-ecs-hvm-2.0.1727248188-66f3b73c-31ba-939f-8068-d6b60a59910e-x86_64-ebs
us-west-1,us-west-1a,prod-voice-core-sipphone,i-0e799eff16a369454,c5.xlarge,On-demand,ami-09db31b680dc74d2f,plivo/amzn2-ami-ecs-hvm-2.0.1727248188-66f3b73c-31ba-939f-8068-d6b60a59910e-x86_64-ebs
us-west-1,us-west-1a,prod-voice-core-sipphone,i-065bb9d06e061f1fe,c5.xlarge,On-demand,ami-09db31b680dc74d2f,plivo/amzn2-ami-ecs-hvm-2.0.1727248188-66f3b73c-31ba-939f-8068-d6b60a59910e-x86_64-ebs
us-west-1,us-west-1a,prod-voice-core,i-01f684ed5d0736e7e,c5.large,On-demand,ami-09db31b680dc74d2f,plivo/amzn2-ami-ecs-hvm-2.0.1727248188-66f3b73c-31ba-939f-8068-d6b60a59910e-x86_64-ebs
us-west-1,us-west-1a,prod-sms-dblog-aurora2consulagent,i-00c8935ed7884b88c,t3a.micro,On-demand,ami-04a9300904d02a7fe,bottlerocket-aws-ecs-2-x86_64-v1.24.0-800458c4
us-west-1,us-west-1a,prod-sms-numberpool-aurora2consulagent,i-08846546684223ee0,t3a.micro,On-demand,ami-04a9300904d02a7fe,bottlerocket-aws-ecs-2-x86_64-v1.24.0-800458c4
us-west-1,us-west-1a,prod-shared-dbcfg-aurora2consulagent,i-0b649fba76963ceb0,t3a.micro,On-demand,ami-04a9300904d02a7fe,bottlerocket-aws-ecs-2-x86_64-v1.24.0-800458c4
us-west-1,us-west-1a,prod-voice-cdr-aurora2consulagent,i-0015d1636a3e14995,t3a.micro,On-demand,ami-04a9300904d02a7fe,bottlerocket-aws-ecs-2-x86_64-v1.24.0-800458c4
us-west-1,us-west-1a,prod-devops-consul,i-065b7ad5aabbedf1e,m5ad.large,On-demand,ami-04a9300904d02a7fe,bottlerocket-aws-ecs-2-x86_64-v1.24.0-800458c4
us-west-1,us-west-1a,prod-devops-consul,i-08344e9b174470de2,m5ad.large,On-demand,ami-04a9300904d02a7fe,bottlerocket-aws-ecs-2-x86_64-v1.24.0-800458c4
us-west-1,us-west-1a,prod-console-keycloak,i-0e7ca21d82e88c3c1,t2.medium,On-demand,ami-04a9300904d02a7fe,bottlerocket-aws-ecs-2-x86_64-v1.24.0-800458c4
us-west-1,us-west-1a,prod-voice-recordings,i-0dc00dce95287a4c2,c6g.large,On-demand,ami-0502f5e251340b89e,bottlerocket-aws-ecs-2-aarch64-v1.24.0-800458c4
us-west-1,us-west-1a,prod-voice-worker,i-01e0bc144a0c19aa9,c6g.large,On-demand,ami-0502f5e251340b89e,bottlerocket-aws-ecs-2-aarch64-v1.24.0-800458c4
us-west-1,us-west-1a,prod-voice-core,i-002a14635bc5778b4,c5.large,On-demand,ami-09db31b680dc74d2f,plivo/amzn2-ami-ecs-hvm-2.0.1727248188-66f3b73c-31ba-939f-8068-d6b60a59910e-x86_64-ebs
us-west-1,us-west-1a,prod-numbers,i-000ba9b845d25c813,c5.xlarge,On-demand,ami-04a9300904d02a7fe,bottlerocket-aws-ecs-2-x86_64-v1.24.0-800458c4
us-west-1,us-west-1a,prod-numbers,i-0d3ed114addd29113,c5.xlarge,On-demand,ami-04a9300904d02a7fe,bottlerocket-aws-ecs-2-x86_64-v1.24.0-800458c4
us-west-1,us-west-1a,prod-numbers,i-0461ceedc553fc04c,c5.xlarge,On-demand,ami-04a9300904d02a7fe,bottlerocket-aws-ecs-2-x86_64-v1.24.0-800458c4
us-west-1,us-west-1a,prod-numbers,i-0b56e543b56df9d3e,c5.xlarge,On-demand,ami-04a9300904d02a7fe,bottlerocket-aws-ecs-2-x86_64-v1.24.0-800458c4
us-west-1,us-west-1a,prod-sms-plivo-api,i-0bda91092b93a1d1f,c5.xlarge,On-demand,ami-04a9300904d02a7fe,bottlerocket-aws-ecs-2-x86_64-v1.24.0-800458c4
us-west-1,us-west-1a,prod-sms-plivo-api,i-092d2a3fbe58aa7ed,c5.xlarge,On-demand,ami-04a9300904d02a7fe,bottlerocket-aws-ecs-2-x86_64-v1.24.0-800458c4
us-west-1,us-west-1a,prod-sms-plivo-api,i-0d2295ae383487885,c5.xlarge,On-demand,ami-04a9300904d02a7fe,bottlerocket-aws-ecs-2-x86_64-v1.24.0-800458c4
us-west-1,us-west-1a,prod-sms-plivo-api,i-0ded99205c4fd1279,c5.xlarge,On-demand,ami-04a9300904d02a7fe,bottlerocket-aws-ecs-2-x86_64-v1.24.0-800458c4
us-west-1,us-west-1a,prod-sms-plivo-api,i-0d5512b6fa14ac18e,c5.xlarge,On-demand,ami-04a9300904d02a7fe,bottlerocket-aws-ecs-2-x86_64-v1.24.0-800458c4
us-west-1,us-west-1a,prod-sms-plivo-api,i-0df641866b1bff5c4,c5.xlarge,On-demand,ami-04a9300904d02a7fe,bottlerocket-aws-ecs-2-x86_64-v1.24.0-800458c4
us-west-1,us-west-1a,prod-mms,i-082bea7f0c65e5667,c5.large,On-demand,ami-04a9300904d02a7fe,bottlerocket-aws-ecs-2-x86_64-v1.24.0-800458c4
us-west-1,us-west-1a,prod-mms,i-0e282e7a1bc0cfd23,c5.large,On-demand,ami-04a9300904d02a7fe,bottlerocket-aws-ecs-2-x86_64-v1.24.0-800458c4
us-west-1,us-west-1a,prod-callinsights-ws,i-080cb17479beeda8f,t4g.small,On-demand,ami-0502f5e251340b89e,bottlerocket-aws-ecs-2-aarch64-v1.24.0-800458c4
us-west-1,us-west-1a,prod-callinsights-stats,i-05cb6af7aceca54de,t4g.small,On-demand,ami-0502f5e251340b89e,bottlerocket-aws-ecs-2-aarch64-v1.24.0-800458c4
us-west-1,us-west-1a,prod-voice,i-091e23cfed33c9da3,c7g.large,On-demand,ami-0502f5e251340b89e,bottlerocket-aws-ecs-2-aarch64-v1.24.0-800458c4
us-west-1,us-west-1a,prod-voice,i-0a19fb67e370da374,c7g.large,On-demand,ami-0502f5e251340b89e,bottlerocket-aws-ecs-2-aarch64-v1.24.0-800458c4
us-west-1,us-west-1a,prod-voice,i-000b812b9e1ddceb3,c7g.large,On-demand,ami-0502f5e251340b89e,bottlerocket-aws-ecs-2-aarch64-v1.24.0-800458c4
us-west-1,us-west-1a,prod-voice,i-069589a7acc632435,c7g.large,On-demand,ami-0502f5e251340b89e,bottlerocket-aws-ecs-2-aarch64-v1.24.0-800458c4
us-west-1,us-west-1a,prod-ryuk,i-098bc7e5d30bdf76d,t3.medium,On-demand,ami-04a9300904d02a7fe,bottlerocket-aws-ecs-2-x86_64-v1.24.0-800458c4
us-west-1,us-west-1a,prod-sms-kannel,i-0ccb00c89328c2444,c4.2xlarge,On-demand,ami-04a9300904d02a7fe,bottlerocket-aws-ecs-2-x86_64-v1.24.0-800458c4
us-west-1,us-west-1a,prod-sms-pgb,i-007e0a026d01ff183,c5.large,On-demand,ami-04a9300904d02a7fe,bottlerocket-aws-ecs-2-x86_64-v1.24.0-800458c4
us-west-1,us-west-1a,prod-zentrunk-custom-inboundsip1,i-0ea2ce78ff702b72b,c5.large,On-demand,ami-04bff186e8aeecf83,plivo/amzn2-ami-ecs-hvm-2.0.1709402848-65e36ae0-57e0-138f-6ffc-ffbcd2adce9e-x86_64-ebs
us-west-1,us-west-1a,prod-zentrunk-inboundsip1,i-0714aaa9493c0676a,c5.large,On-demand,ami-04bff186e8aeecf83,plivo/amzn2-ami-ecs-hvm-2.0.1709402848-65e36ae0-57e0-138f-6ffc-ffbcd2adce9e-x86_64-ebs
us-west-1,us-west-1a,prod-sms-keycloak,i-0c1a6c2ae9263333c,t2.medium,spot,ami-04a9300904d02a7fe,bottlerocket-aws-ecs-2-x86_64-v1.24.0-800458c4
us-west-1,us-west-1a,prod-fin-systems,i-0882f4e5a1a7ebbc8,c5.large,On-demand,ami-04a9300904d02a7fe,bottlerocket-aws-ecs-2-x86_64-v1.24.0-800458c4
us-west-1,us-west-1a,prod-mms,i-0a37310aa6e7dc8ec,t3.medium,On-demand,ami-04a9300904d02a7fe,bottlerocket-aws-ecs-2-x86_64-v1.24.0-800458c4
us-west-1,us-west-1a,prod-mms,i-0f719fb6e4a06956c,t3.medium,On-demand,ami-04a9300904d02a7fe,bottlerocket-aws-ecs-2-x86_64-v1.24.0-800458c4
us-west-1,us-west-1a,prod-devops-misc-usw1,i-080aa451e9f5d6ba5,t3.micro,spot,ami-04a9300904d02a7fe,bottlerocket-aws-ecs-2-x86_64-v1.24.0-800458c4
us-west-1,us-west-1a,prod-voice-plivobin,i-00f388f410a6c51c3,t3a.micro,On-demand,ami-09db31b680dc74d2f,plivo/amzn2-ami-ecs-hvm-2.0.1727248188-66f3b73c-31ba-939f-8068-d6b60a59910e-x86_64-ebs
us-west-1,us-west-1a,ip-10-202-179-99.us-west-1.compute.internal,i-0f21330d4566ef2b6,r6g.4xlarge,On-demand,ami-0f5ddea019c71bae7,plivo/amazon-eks-arm64-node-1.31-1736335775-677e619f-4ab8-c75d-7dd6-7edc44f4bdb9
us-west-1,us-west-1a,core-on-demand-x86-64-gpxl,i-0ccfc6a9b98c0203e,m4.xlarge,On-demand,ami-09f458f3f29f9e154,plivo/amazon-eks-x86_64-node-1.31-1736335774-677e619e-3f80-dc17-5c2a-5eafba44ef11
us-west-1,us-west-1a,core-on-demand-x86-64-gpxl,i-0865c72905509766b,m4.xlarge,On-demand,ami-09f458f3f29f9e154,plivo/amazon-eks-x86_64-node-1.31-1736335774-677e619e-3f80-dc17-5c2a-5eafba44ef11
us-west-1,us-west-1a,prod-ryuk,i-05f219cafd6e9c7a9,t3.medium,On-demand,ami-04a9300904d02a7fe,bottlerocket-aws-ecs-2-x86_64-v1.24.0-800458c4
us-west-1,us-west-1a,prod-mms,i-0f0f8a20e2d138fea,t3.medium,On-demand,ami-04a9300904d02a7fe,bottlerocket-aws-ecs-2-x86_64-v1.24.0-800458c4
us-west-1,us-west-1a,ip-10-202-152-193.us-west-1.compute.internal,i-0330ba235662698e7,c5n.2xlarge,spot,ami-09f458f3f29f9e154,plivo/amazon-eks-x86_64-node-1.31-1736335774-677e619e-3f80-dc17-5c2a-5eafba44ef11
us-west-1,us-west-1a,prod-mms,i-0b714bc00bc6ffc73,t3.medium,On-demand,ami-04a9300904d02a7fe,bottlerocket-aws-ecs-2-x86_64-v1.24.0-800458c4
us-west-1,us-west-1a,prod-ryuk,i-0ff156e064adc21ce,t3.medium,On-demand,ami-04a9300904d02a7fe,bottlerocket-aws-ecs-2-x86_64-v1.24.0-800458c4
us-west-1,us-west-1a,ip-10-202-152-84.us-west-1.compute.internal,i-0b03c62e28993c04d,m6gd.xlarge,On-demand,ami-0f5ddea019c71bae7,plivo/amazon-eks-arm64-node-1.31-1736335775-677e619f-4ab8-c75d-7dd6-7edc44f4bdb9
us-west-1,us-west-1a,prod-ryuk,i-0e9ee95cc8ec119f2,t3.medium,On-demand,ami-04a9300904d02a7fe,bottlerocket-aws-ecs-2-x86_64-v1.24.0-800458c4
us-west-1,us-west-1a,ip-10-202-179-41.us-west-1.compute.internal,i-05046f99c7921582f,c5.2xlarge,spot,ami-09f458f3f29f9e154,plivo/amazon-eks-x86_64-node-1.31-1736335774-677e619e-3f80-dc17-5c2a-5eafba44ef11
us-west-1,us-west-1a,prod-sms-numberlookup,i-089a48f52432e8dd9,c5.large,On-demand,ami-04a9300904d02a7fe,bottlerocket-aws-ecs-2-x86_64-v1.24.0-800458c4
us-west-1,us-west-1a,prod-fin-systems,i-01a33f71a208ff732,c5.large,On-demand,ami-04a9300904d02a7fe,bottlerocket-aws-ecs-2-x86_64-v1.24.0-800458c4
us-west-1,us-west-1a,ip-10-202-187-177.us-west-1.compute.internal,i-0abcc9cf4a8a4fc5b,t3.small,spot,ami-09f458f3f29f9e154,plivo/amazon-eks-x86_64-node-1.31-1736335774-677e619e-3f80-dc17-5c2a-5eafba44ef11
us-west-1,us-west-1a,prod-voice-core-ms,i-09a09759c75d4c906,c7g.2xlarge,On-demand,ami-0d7a6bb4452a09fdd,plivo/debian-bullseye-hvm-11-arm-server-1727760377-66fb87f9-f2ca-d380-5b10-aae320715ede
us-west-1,us-west-1a,ip-10-202-148-25.us-west-1.compute.internal,i-0c3b0b944e35a321f,m7i-flex.2xlarge,spot,ami-09f458f3f29f9e154,plivo/amazon-eks-x86_64-node-1.31-1736335774-677e619e-3f80-dc17-5c2a-5eafba44ef11
us-west-1,us-west-1a,prod-zentrunk-outbound-sbc-outbound-sbc,i-0b2c001252a65ac4f,c5.xlarge,On-demand,ami-04bff186e8aeecf83,plivo/amzn2-ami-ecs-hvm-2.0.1709402848-65e36ae0-57e0-138f-6ffc-ffbcd2adce9e-x86_64-ebs
us-west-1,us-west-1a,prod-ryuk,i-0189ea12f95a3a8e0,t3.medium,On-demand,ami-04a9300904d02a7fe,bottlerocket-aws-ecs-2-x86_64-v1.24.0-800458c4
us-west-1,us-west-1a,ip-10-202-182-40.us-west-1.compute.internal,i-0360d688708fe4640,m6g.xlarge,spot,ami-0f5ddea019c71bae7,plivo/amazon-eks-arm64-node-1.31-1736335775-677e619f-4ab8-c75d-7dd6-7edc44f4bdb9
us-west-1,us-west-1a,prod-sms-shared,i-08a1fceb6ab834e4d,c5.large,On-demand,ami-04a9300904d02a7fe,bottlerocket-aws-ecs-2-x86_64-v1.24.0-800458c4
us-west-1,us-west-1a,ip-10-202-190-20.us-west-1.compute.internal,i-00b5801bd26935b01,m6gd.xlarge,On-demand,ami-0f5ddea019c71bae7,plivo/amazon-eks-arm64-node-1.31-1736335775-677e619f-4ab8-c75d-7dd6-7edc44f4bdb9
us-west-1,us-west-1a,ip-10-202-147-242.us-west-1.compute.internal,i-00fb811979886c138,m6gd.xlarge,On-demand,ami-0f5ddea019c71bae7,plivo/amazon-eks-arm64-node-1.31-1736335775-677e619f-4ab8-c75d-7dd6-7edc44f4bdb9
us-west-1,us-west-1a,prod-sms-shared,i-0a91ebab63fd8b1ae,c5.large,On-demand,ami-04a9300904d02a7fe,bottlerocket-aws-ecs-2-x86_64-v1.24.0-800458c4
us-west-1,us-west-1a,prod-sms-shared,i-0a7448e530d8d92b3,c5.large,On-demand,ami-04a9300904d02a7fe,bottlerocket-aws-ecs-2-x86_64-v1.24.0-800458c4
us-west-1,us-west-1a,prod-zentrunk,i-082c404c0b62e7f68,c6g.large,On-demand,ami-0502f5e251340b89e,bottlerocket-aws-ecs-2-aarch64-v1.24.0-800458c4
us-west-1,us-west-1a,prod-zentrunk-rtpengine-rtpengine,i-0fccd4e0c79aa9c85,c5.large,On-demand,ami-04bff186e8aeecf83,plivo/amzn2-ami-ecs-hvm-2.0.1709402848-65e36ae0-57e0-138f-6ffc-ffbcd2adce9e-x86_64-ebs
us-west-1,us-west-1a,prod-zentrunk-rtpengine-rtpengine,i-0556024bcd0c61533,c5.large,On-demand,ami-04bff186e8aeecf83,plivo/amzn2-ami-ecs-hvm-2.0.1709402848-65e36ae0-57e0-138f-6ffc-ffbcd2adce9e-x86_64-ebs
us-west-1,us-west-1a,prod-zentrunk-app-server,i-0fc210983fc1e802a,c5.large,On-demand,ami-04bff186e8aeecf83,plivo/amzn2-ami-ecs-hvm-2.0.1709402848-65e36ae0-57e0-138f-6ffc-ffbcd2adce9e-x86_64-ebs
us-west-1,us-west-1a,prod-central-accsrv,i-0b17c25c5bc492173,m5.large,On-demand,ami-09c209f7cb602af34,plivo/amzn2-ami-ecs-hvm-2.0.1718313299-666b6153-a917-5365-0c6f-7ec3778d7f22-x86_64-ebs
us-west-1,us-west-1a,prod-central-accsrv,i-02c12a3f7b779a2de,m5.large,On-demand,ami-09c209f7cb602af34,plivo/amzn2-ami-ecs-hvm-2.0.1718313299-666b6153-a917-5365-0c6f-7ec3778d7f22-x86_64-ebs
us-west-1,us-west-1a,prod-mms,i-09ac9997cd579c8c1,c5.large,On-demand,ami-04a9300904d02a7fe,bottlerocket-aws-ecs-2-x86_64-v1.24.0-800458c4
us-west-1,us-west-1a,prod-sms-shared,i-0159c5f7cb8bd3581,c5.large,On-demand,ami-04a9300904d02a7fe,bottlerocket-aws-ecs-2-x86_64-v1.24.0-800458c4
us-west-1,us-west-1a,prod-sms-shared,i-0d74c33d8539081b6,c5.large,On-demand,ami-04a9300904d02a7fe,bottlerocket-aws-ecs-2-x86_64-v1.24.0-800458c4
us-west-1,us-west-1a,ip-10-202-139-174.us-west-1.compute.internal,i-0c78e996d2c6ac943,c5a.4xlarge,spot,ami-09f458f3f29f9e154,plivo/amazon-eks-x86_64-node-1.31-1736335774-677e619e-3f80-dc17-5c2a-5eafba44ef11
us-west-1,us-west-1a,prod-sms-shared,i-0a134b038e8c6f434,c5.large,On-demand,ami-04a9300904d02a7fe,bottlerocket-aws-ecs-2-x86_64-v1.24.0-800458c4
us-west-1,us-west-1a,prod-sms-shared,i-0f9df4a38e793b58c,c5.large,On-demand,ami-04a9300904d02a7fe,bottlerocket-aws-ecs-2-x86_64-v1.24.0-800458c4
us-west-1,us-west-1a,prod-phlo,i-06180ecf08ab041b0,m5.large,On-demand,ami-04a9300904d02a7fe,bottlerocket-aws-ecs-2-x86_64-v1.24.0-800458c4
us-west-1,us-west-1a,prod-sms-shared,i-04a85da53952c1832,c5.large,On-demand,ami-04a9300904d02a7fe,bottlerocket-aws-ecs-2-x86_64-v1.24.0-800458c4
us-west-1,us-west-1a,prod-phlo,i-0d5bb517ab32197e2,m5.large,On-demand,ami-04a9300904d02a7fe,bottlerocket-aws-ecs-2-x86_64-v1.24.0-800458c4
us-west-1,us-west-1a,prod-voice-core-webms,i-0d297c1d7a8ccc6b1,c6i.2xlarge,On-demand,ami-0deb1a65dc60cd4f9,plivo/debian-buster-hvm-10.11-amd64-server-1727935647-66fe349f-7eb2-7910-ba21-bbb24c41a132
us-west-1,us-west-1a,prod-sms-shared,i-0928ec298ddc95ac4,c5.large,On-demand,ami-04a9300904d02a7fe,bottlerocket-aws-ecs-2-x86_64-v1.24.0-800458c4
us-west-1,us-west-1a,prod-phlo,i-041c7a9b2837ece56,m5.large,On-demand,ami-04a9300904d02a7fe,bottlerocket-aws-ecs-2-x86_64-v1.24.0-800458c4
us-west-1,us-west-1a,prod-phlo,i-0f6943da0feb7cc3b,m5.large,On-demand,ami-04a9300904d02a7fe,bottlerocket-aws-ecs-2-x86_64-v1.24.0-800458c4
us-west-1,us-west-1a,prod-phlo,i-0b13d6f34a561bfb1,m5.large,On-demand,ami-04a9300904d02a7fe,bottlerocket-aws-ecs-2-x86_64-v1.24.0-800458c4
us-west-1,us-west-1a,prod-sms-shared,i-0405a20a00522ce09,c5.large,On-demand,ami-04a9300904d02a7fe,bottlerocket-aws-ecs-2-x86_64-v1.24.0-800458c4
us-west-1,us-west-1a,prod-citadel-logstash,i-005ea08e42628e4d2,m5ad.xlarge,On-demand,ami-09c209f7cb602af34,plivo/amzn2-ami-ecs-hvm-2.0.1718313299-666b6153-a917-5365-0c6f-7ec3778d7f22-x86_64-ebs
us-west-1,us-west-1a,prod-voice-core-ms,i-0e41373e138e653c6,c7g.2xlarge,On-demand,ami-0d7a6bb4452a09fdd,plivo/debian-bullseye-hvm-11-arm-server-1727760377-66fb87f9-f2ca-d380-5b10-aae320715ede
us-west-1,us-west-1a,prod-voice-core-ms,i-0a606818fbc3b836e,c7g.2xlarge,On-demand,ami-0d7a6bb4452a09fdd,plivo/debian-bullseye-hvm-11-arm-server-1727760377-66fb87f9-f2ca-d380-5b10-aae320715ede
us-west-1,us-west-1a,ip-10-202-146-160.us-west-1.compute.internal,i-084e93fc8c5fa5938,c5a.xlarge,spot,ami-09f458f3f29f9e154,plivo/amazon-eks-x86_64-node-1.31-1736335774-677e619e-3f80-dc17-5c2a-5eafba44ef11
us-west-1,us-west-1a,prod-fin-systems-dag,i-001325878298fe741,c5d.xlarge,spot,ami-04a9300904d02a7fe,bottlerocket-aws-ecs-2-x86_64-v1.24.0-800458c4
us-west-1,us-west-1a,ip-10-202-128-90.us-west-1.compute.internal,i-0e2cd001b218e6f68,m6gd.xlarge,On-demand,ami-0f5ddea019c71bae7,plivo/amazon-eks-arm64-node-1.31-1736335775-677e619f-4ab8-c75d-7dd6-7edc44f4bdb9
us-west-1,us-west-1a,ip-10-202-134-14.us-west-1.compute.internal,i-0f10d46317aed1c97,c6a.4xlarge,spot,ami-09f458f3f29f9e154,plivo/amazon-eks-x86_64-node-1.31-1736335774-677e619e-3f80-dc17-5c2a-5eafba44ef11
us-west-1,us-west-1b,prod-atlantis,i-01ea71768ed7a93bf,t3.large,On-demand,ami-04a9300904d02a7fe,bottlerocket-aws-ecs-2-x86_64-v1.24.0-800458c4
us-west-1,us-west-1b,prod-ryuk,i-06e4f7659828177be,t3.medium,On-demand,ami-04a9300904d02a7fe,bottlerocket-aws-ecs-2-x86_64-v1.24.0-800458c4
us-west-1,us-west-1b,prod-voice-pipeline,i-01046f16e8fe79e2d,c6g.2xlarge,On-demand,ami-0502f5e251340b89e,bottlerocket-aws-ecs-2-aarch64-v1.24.0-800458c4
us-west-1,us-west-1b,prod-fin-systems,i-0694a8373d3d2fdb4,c5.large,On-demand,ami-04a9300904d02a7fe,bottlerocket-aws-ecs-2-x86_64-v1.24.0-800458c4
us-west-1,us-west-1b,prod-mms,i-0fbf7321f5cf4e738,t3.medium,On-demand,ami-04a9300904d02a7fe,bottlerocket-aws-ecs-2-x86_64-v1.24.0-800458c4
us-west-1,us-west-1b,prod-mms,i-0b8dedc35e52ba647,t3.medium,On-demand,ami-04a9300904d02a7fe,bottlerocket-aws-ecs-2-x86_64-v1.24.0-800458c4
us-west-1,us-west-1b,prod-voice-plivobin,i-0ff8c886d8714064b,t3a.micro,On-demand,ami-09db31b680dc74d2f,plivo/amzn2-ami-ecs-hvm-2.0.1727248188-66f3b73c-31ba-939f-8068-d6b60a59910e-x86_64-ebs
us-west-1,us-west-1b,prod-voice-plivobin,i-0eab62c18606c3db9,t3a.micro,On-demand,ami-09db31b680dc74d2f,plivo/amzn2-ami-ecs-hvm-2.0.1727248188-66f3b73c-31ba-939f-8068-d6b60a59910e-x86_64-ebs
us-west-1,us-west-1b,ip-10-202-200-205.us-west-1.compute.internal,i-0f3c10b2ab8aaa59b,m6g.xlarge,On-demand,ami-0f5ddea019c71bae7,plivo/amazon-eks-arm64-node-1.31-1736335775-677e619f-4ab8-c75d-7dd6-7edc44f4bdb9
us-west-1,us-west-1b,ip-10-202-241-143.us-west-1.compute.internal,i-007f97f2295e8cc80,t3.small,spot,ami-09f458f3f29f9e154,plivo/amazon-eks-x86_64-node-1.31-1736335774-677e619e-3f80-dc17-5c2a-5eafba44ef11
us-west-1,us-west-1b,ip-10-202-249-85.us-west-1.compute.internal,i-0f81de5ae9ed14f83,c6gd.8xlarge,On-demand,ami-0f5ddea019c71bae7,plivo/amazon-eks-arm64-node-1.31-1736335775-677e619f-4ab8-c75d-7dd6-7edc44f4bdb9
us-west-1,us-west-1b,ip-10-202-202-68.us-west-1.compute.internal,i-0a697d20d2ffe30c8,c6gd.8xlarge,On-demand,ami-0f5ddea019c71bae7,plivo/amazon-eks-arm64-node-1.31-1736335775-677e619f-4ab8-c75d-7dd6-7edc44f4bdb9
us-west-1,us-west-1b,ip-10-202-204-86.us-west-1.compute.internal,i-07d5951c1e8223033,c6gd.8xlarge,On-demand,ami-0f5ddea019c71bae7,plivo/amazon-eks-arm64-node-1.31-1736335775-677e619f-4ab8-c75d-7dd6-7edc44f4bdb9
us-west-1,us-west-1b,ip-10-202-247-252.us-west-1.compute.internal,i-06b009fc06834e17a,m6g.xlarge,On-demand,ami-0f5ddea019c71bae7,plivo/amazon-eks-arm64-node-1.31-1736335775-677e619f-4ab8-c75d-7dd6-7edc44f4bdb9
us-west-1,us-west-1b,ip-10-202-215-152.us-west-1.compute.internal,i-020345009e70343d5,c6gd.8xlarge,On-demand,ami-0f5ddea019c71bae7,plivo/amazon-eks-arm64-node-1.31-1736335775-677e619f-4ab8-c75d-7dd6-7edc44f4bdb9
us-west-1,us-west-1b,ip-10-202-254-7.us-west-1.compute.internal,i-029b9c08e05f2313f,m6g.xlarge,On-demand,ami-0f5ddea019c71bae7,plivo/amazon-eks-arm64-node-1.31-1736335775-677e619f-4ab8-c75d-7dd6-7edc44f4bdb9
us-west-1,us-west-1b,ip-10-202-226-133.us-west-1.compute.internal,i-08888a6d5d98323a4,t3a.xlarge,spot,ami-09f458f3f29f9e154,plivo/amazon-eks-x86_64-node-1.31-1736335774-677e619e-3f80-dc17-5c2a-5eafba44ef11
us-west-1,us-west-1b,ip-10-202-205-84.us-west-1.compute.internal,i-026eed4838b960046,c6gd.xlarge,spot,ami-0f5ddea019c71bae7,plivo/amazon-eks-arm64-node-1.31-1736335775-677e619f-4ab8-c75d-7dd6-7edc44f4bdb9
us-west-1,us-west-1b,core-on-demand-x86-64-gpxl,i-0901155561ddc90fa,m4.xlarge,On-demand,ami-09f458f3f29f9e154,plivo/amazon-eks-x86_64-node-1.31-1736335774-677e619e-3f80-dc17-5c2a-5eafba44ef11
us-west-1,us-west-1b,ip-10-202-238-13.us-west-1.compute.internal,i-0c1329bd94e85c4e9,r5n.2xlarge,spot,ami-09f458f3f29f9e154,plivo/amazon-eks-x86_64-node-1.31-1736335774-677e619e-3f80-dc17-5c2a-5eafba44ef11
us-west-1,us-west-1b,ip-10-202-255-49.us-west-1.compute.internal,i-0ead2e108d1c76b4c,r5n.2xlarge,spot,ami-09f458f3f29f9e154,plivo/amazon-eks-x86_64-node-1.31-1736335774-677e619e-3f80-dc17-5c2a-5eafba44ef11
us-west-1,us-west-1b,ip-10-202-215-84.us-west-1.compute.internal,i-0202252dcf6391e85,r5n.2xlarge,spot,ami-09f458f3f29f9e154,plivo/amazon-eks-x86_64-node-1.31-1736335774-677e619e-3f80-dc17-5c2a-5eafba44ef11
us-west-1,us-west-1b,prod-ryuk,i-0330c0343d27170f6,t3.medium,On-demand,ami-04a9300904d02a7fe,bottlerocket-aws-ecs-2-x86_64-v1.24.0-800458c4
us-west-1,us-west-1b,ip-10-202-245-124.us-west-1.compute.internal,i-04328e68c9983e1c6,r5n.2xlarge,spot,ami-09f458f3f29f9e154,plivo/amazon-eks-x86_64-node-1.31-1736335774-677e619e-3f80-dc17-5c2a-5eafba44ef11
us-west-1,us-west-1b,ip-10-202-199-43.us-west-1.compute.internal,i-0a6525c4218d9c4c4,r5n.2xlarge,spot,ami-09f458f3f29f9e154,plivo/amazon-eks-x86_64-node-1.31-1736335774-677e619e-3f80-dc17-5c2a-5eafba44ef11
us-west-1,us-west-1b,ip-10-202-250-223.us-west-1.compute.internal,i-049f67ae2f8efea35,r5n.2xlarge,spot,ami-09f458f3f29f9e154,plivo/amazon-eks-x86_64-node-1.31-1736335774-677e619e-3f80-dc17-5c2a-5eafba44ef11
us-west-1,us-west-1b,ip-10-202-240-189.us-west-1.compute.internal,i-0d86439a6b6f00f5a,r5n.2xlarge,spot,ami-09f458f3f29f9e154,plivo/amazon-eks-x86_64-node-1.31-1736335774-677e619e-3f80-dc17-5c2a-5eafba44ef11
us-west-1,us-west-1b,ip-10-202-232-4.us-west-1.compute.internal,i-083a457233f019d0f,r5n.2xlarge,spot,ami-09f458f3f29f9e154,plivo/amazon-eks-x86_64-node-1.31-1736335774-677e619e-3f80-dc17-5c2a-5eafba44ef11
us-west-1,us-west-1b,ip-10-202-234-246.us-west-1.compute.internal,i-0d2ab47b051527f3d,r5n.2xlarge,spot,ami-09f458f3f29f9e154,plivo/amazon-eks-x86_64-node-1.31-1736335774-677e619e-3f80-dc17-5c2a-5eafba44ef11
us-west-1,us-west-1b,ip-10-202-222-220.us-west-1.compute.internal,i-0ba069d8468239379,r5n.2xlarge,spot,ami-09f458f3f29f9e154,plivo/amazon-eks-x86_64-node-1.31-1736335774-677e619e-3f80-dc17-5c2a-5eafba44ef11
us-west-1,us-west-1b,prod-mms,i-00d4016751f79a1d3,t3.medium,On-demand,ami-04a9300904d02a7fe,bottlerocket-aws-ecs-2-x86_64-v1.24.0-800458c4
us-west-1,us-west-1b,ip-10-202-237-137.us-west-1.compute.internal,i-00f2f435856cce4bd,m6g.2xlarge,On-demand,ami-0f5ddea019c71bae7,plivo/amazon-eks-arm64-node-1.31-1736335775-677e619f-4ab8-c75d-7dd6-7edc44f4bdb9
us-west-1,us-west-1b,ip-10-202-200-92.us-west-1.compute.internal,i-0bdca05997fc6d7d8,m6g.2xlarge,On-demand,ami-0f5ddea019c71bae7,plivo/amazon-eks-arm64-node-1.31-1736335775-677e619f-4ab8-c75d-7dd6-7edc44f4bdb9
us-west-1,us-west-1b,ip-10-202-201-0.us-west-1.compute.internal,i-012bdac96cbb78471,m6g.2xlarge,On-demand,ami-0f5ddea019c71bae7,plivo/amazon-eks-arm64-node-1.31-1736335775-677e619f-4ab8-c75d-7dd6-7edc44f4bdb9
us-west-1,us-west-1b,ip-10-202-224-248.us-west-1.compute.internal,i-04185a119a4119e84,r5n.2xlarge,spot,ami-09f458f3f29f9e154,plivo/amazon-eks-x86_64-node-1.31-1736335774-677e619e-3f80-dc17-5c2a-5eafba44ef11
us-west-1,us-west-1b,prod-mms,i-09b04bbfd859a68b0,t3.medium,On-demand,ami-04a9300904d02a7fe,bottlerocket-aws-ecs-2-x86_64-v1.24.0-800458c4
us-west-1,us-west-1b,prod-ryuk,i-0d8db6d84bc341c24,t3.medium,On-demand,ami-04a9300904d02a7fe,bottlerocket-aws-ecs-2-x86_64-v1.24.0-800458c4
us-west-1,us-west-1b,ip-10-202-217-22.us-west-1.compute.internal,i-04f2f4e6d0d895a7f,r5n.2xlarge,spot,ami-09f458f3f29f9e154,plivo/amazon-eks-x86_64-node-1.31-1736335774-677e619e-3f80-dc17-5c2a-5eafba44ef11
us-west-1,us-west-1b,prod-voice-core-ms,i-0294adb9386b8b8d5,c7g.2xlarge,On-demand,ami-0d7a6bb4452a09fdd,plivo/debian-bullseye-hvm-11-arm-server-1727760377-66fb87f9-f2ca-d380-5b10-aae320715ede
us-west-1,us-west-1b,prod-sms-numberlookup,i-01e02ea5dd8de08e4,c5.large,On-demand,ami-04a9300904d02a7fe,bottlerocket-aws-ecs-2-x86_64-v1.24.0-800458c4
us-west-1,us-west-1b,prod-fin-systems,i-016f41a23045bbcfb,c5.large,On-demand,ami-04a9300904d02a7fe,bottlerocket-aws-ecs-2-x86_64-v1.24.0-800458c4
us-west-1,us-west-1b,prod-fin-systems-dag,i-04441d9daa04fd4c5,c5d.xlarge,spot,ami-04a9300904d02a7fe,bottlerocket-aws-ecs-2-x86_64-v1.24.0-800458c4
us-west-1,us-west-1b,prod-voice-core-ms,i-0216a946fa2a8af97,c7g.2xlarge,On-demand,ami-0d7a6bb4452a09fdd,plivo/debian-bullseye-hvm-11-arm-server-1727760377-66fb87f9-f2ca-d380-5b10-aae320715ede
us-west-1,us-west-1b,prod-voice-core-ms,i-001e69621fdbc8e34,c7g.2xlarge,On-demand,ami-0d7a6bb4452a09fdd,plivo/debian-bullseye-hvm-11-arm-server-1727760377-66fb87f9-f2ca-d380-5b10-aae320715ede
us-west-1,us-west-1b,ip-10-202-226-254.us-west-1.compute.internal,i-0f0868909475de4e5,c6g.xlarge,On-demand,ami-0f5ddea019c71bae7,plivo/amazon-eks-arm64-node-1.31-1736335775-677e619f-4ab8-c75d-7dd6-7edc44f4bdb9
us-west-1,us-west-1b,ip-10-202-222-15.us-west-1.compute.internal,i-0f271f9418f610332,r6g.2xlarge,On-demand,ami-0f5ddea019c71bae7,plivo/amazon-eks-arm64-node-1.31-1736335775-677e619f-4ab8-c75d-7dd6-7edc44f4bdb9
us-west-1,us-west-1b,ip-10-202-225-208.us-west-1.compute.internal,i-0bcf17807ce8ca8f0,m6gd.xlarge,On-demand,ami-0f5ddea019c71bae7,plivo/amazon-eks-arm64-node-1.31-1736335775-677e619f-4ab8-c75d-7dd6-7edc44f4bdb9
us-west-1,us-west-1b,prod-voice-core-ms,i-0617d221ea82262d2,c7g.2xlarge,On-demand,ami-0d7a6bb4452a09fdd,plivo/debian-bullseye-hvm-11-arm-server-1727760377-66fb87f9-f2ca-d380-5b10-aae320715ede
us-west-1,us-west-1b,ip-10-202-254-59.us-west-1.compute.internal,i-02a3ad61e86149c92,c6g.xlarge,spot,ami-0f5ddea019c71bae7,plivo/amazon-eks-arm64-node-1.31-1736335775-677e619f-4ab8-c75d-7dd6-7edc44f4bdb9
us-west-1,us-west-1b,ip-10-202-199-112.us-west-1.compute.internal,i-08780af51dd2acfff,m6gd.xlarge,On-demand,ami-0f5ddea019c71bae7,plivo/amazon-eks-arm64-node-1.31-1736335775-677e619f-4ab8-c75d-7dd6-7edc44f4bdb9
us-west-1,us-west-1b,prod-fin-systems,i-0547352ff4f7c640f,c5.large,On-demand,ami-04a9300904d02a7fe,bottlerocket-aws-ecs-2-x86_64-v1.24.0-800458c4
us-west-1,us-west-1b,prod-sms-shared,i-0a5e89dc3ed8d2c0d,c5.large,On-demand,ami-04a9300904d02a7fe,bottlerocket-aws-ecs-2-x86_64-v1.24.0-800458c4
us-west-1,us-west-1b,prod-sms-shared,i-0c47f1c75c71b99e4,c5.large,On-demand,ami-04a9300904d02a7fe,bottlerocket-aws-ecs-2-x86_64-v1.24.0-800458c4
us-west-1,us-west-1b,prod-central-accsrv,i-071e349b0553aefd8,m5.large,On-demand,ami-09c209f7cb602af34,plivo/amzn2-ami-ecs-hvm-2.0.1718313299-666b6153-a917-5365-0c6f-7ec3778d7f22-x86_64-ebs
us-west-1,us-west-1b,prod-central-accsrv,i-061649ced5f6ae811,m5.large,On-demand,ami-09c209f7cb602af34,plivo/amzn2-ami-ecs-hvm-2.0.1718313299-666b6153-a917-5365-0c6f-7ec3778d7f22-x86_64-ebs
us-west-1,us-west-1b,prod-sms-shared,i-0b860302da52851ff,c5.large,On-demand,ami-04a9300904d02a7fe,bottlerocket-aws-ecs-2-x86_64-v1.24.0-800458c4
us-west-1,us-west-1b,prod-sms-shared,i-0375024ec679a64c3,c5.large,On-demand,ami-04a9300904d02a7fe,bottlerocket-aws-ecs-2-x86_64-v1.24.0-800458c4
us-west-1,us-west-1b,prod-zentrunk-app-server,i-043ecba0e9126e186,c5.large,On-demand,ami-04bff186e8aeecf83,plivo/amzn2-ami-ecs-hvm-2.0.1709402848-65e36ae0-57e0-138f-6ffc-ffbcd2adce9e-x86_64-ebs
us-west-1,us-west-1b,prod-zentrunk,i-09d0c619cacdf3cbc,c6g.large,On-demand,ami-0502f5e251340b89e,bottlerocket-aws-ecs-2-aarch64-v1.24.0-800458c4
us-west-1,us-west-1b,ip-10-202-216-160.us-west-1.compute.internal,i-0cceca00a74cb23b0,m6gd.xlarge,On-demand,ami-0f5ddea019c71bae7,plivo/amazon-eks-arm64-node-1.31-1736335775-677e619f-4ab8-c75d-7dd6-7edc44f4bdb9
us-west-1,us-west-1b,prod-zentrunk-outbound-sbc-outbound-sbc,i-03b14aa82fa37225f,c5.xlarge,On-demand,ami-04bff186e8aeecf83,plivo/amzn2-ami-ecs-hvm-2.0.1709402848-65e36ae0-57e0-138f-6ffc-ffbcd2adce9e-x86_64-ebs
us-west-1,us-west-1b,prod-central-accsrv,i-0319a8852356e424b,m5.large,On-demand,ami-09c209f7cb602af34,plivo/amzn2-ami-ecs-hvm-2.0.1718313299-666b6153-a917-5365-0c6f-7ec3778d7f22-x86_64-ebs
us-west-1,us-west-1b,prod-mms,i-00187540b2d7fbd24,c5.large,On-demand,ami-04a9300904d02a7fe,bottlerocket-aws-ecs-2-x86_64-v1.24.0-800458c4
us-west-1,us-west-1b,prod-sms-shared,i-0589bdd090a5180aa,c5.large,On-demand,ami-04a9300904d02a7fe,bottlerocket-aws-ecs-2-x86_64-v1.24.0-800458c4
us-west-1,us-west-1b,prod-sms-shared,i-0fcd7d1b5a724ed0d,c5.large,On-demand,ami-04a9300904d02a7fe,bottlerocket-aws-ecs-2-x86_64-v1.24.0-800458c4
us-west-1,us-west-1b,prod-sms-shared,i-07efb694e87a3faef,c5.large,On-demand,ami-04a9300904d02a7fe,bottlerocket-aws-ecs-2-x86_64-v1.24.0-800458c4
us-west-1,us-west-1b,prod-sms-shared,i-0a1f9c808cfe95998,c5.large,On-demand,ami-04a9300904d02a7fe,bottlerocket-aws-ecs-2-x86_64-v1.24.0-800458c4
us-west-1,us-west-1b,prod-phlo,i-02cdc009bb0f8169d,m5.large,On-demand,ami-04a9300904d02a7fe,bottlerocket-aws-ecs-2-x86_64-v1.24.0-800458c4
us-west-1,us-west-1b,prod-phlo,i-0ec32b8867fe98e73,m5.large,On-demand,ami-04a9300904d02a7fe,bottlerocket-aws-ecs-2-x86_64-v1.24.0-800458c4
us-west-1,us-west-1b,prod-sms-shared,i-09441786b4298aefe,c5.large,On-demand,ami-04a9300904d02a7fe,bottlerocket-aws-ecs-2-x86_64-v1.24.0-800458c4
us-west-1,us-west-1b,prod-sms-shared,i-07a8642dda45c171b,c5.large,On-demand,ami-04a9300904d02a7fe,bottlerocket-aws-ecs-2-x86_64-v1.24.0-800458c4
us-west-1,us-west-1b,prod-phlo,i-0bcc181f2ef4a03e9,m5.large,On-demand,ami-04a9300904d02a7fe,bottlerocket-aws-ecs-2-x86_64-v1.24.0-800458c4
us-west-1,us-west-1b,prod-phlo,i-07c4aa83979365fd4,m5.large,On-demand,ami-04a9300904d02a7fe,bottlerocket-aws-ecs-2-x86_64-v1.24.0-800458c4
us-west-1,us-west-1b,prod-spotfleet-ecs-ec2,i-0e8567b54f5a45824,c3.large,spot,ami-0285183bbef6224bd,amzn-ami-2018.03.i-amazon-ecs-optimized
us-west-1,us-west-1b,prod-voice-core-webms,i-05e58a68fbc7842f3,c6i.2xlarge,On-demand,ami-0deb1a65dc60cd4f9,plivo/debian-buster-hvm-10.11-amd64-server-1727935647-66fe349f-7eb2-7910-ba21-bbb24c41a132
us-west-1,us-west-1b,prod-phlo,i-03a6704813a36cb98,m5.large,On-demand,ami-04a9300904d02a7fe,bottlerocket-aws-ecs-2-x86_64-v1.24.0-800458c4
us-west-1,us-west-1b,prod-citadel-logstash,i-031c3134da66571d6,m5ad.xlarge,On-demand,ami-09c209f7cb602af34,plivo/amzn2-ami-ecs-hvm-2.0.1718313299-666b6153-a917-5365-0c6f-7ec3778d7f22-x86_64-ebs
us-west-1,us-west-1b,ip-10-202-238-168.us-west-1.compute.internal,i-00bd5a1e24602e15a,c5a.xlarge,spot,ami-09f458f3f29f9e154,plivo/amazon-eks-x86_64-node-1.31-1736335774-677e619e-3f80-dc17-5c2a-5eafba44ef11
us-west-1,us-west-1b,ip-10-202-232-97.us-west-1.compute.internal,i-0d867ae7830687816,t3.xlarge,spot,ami-09f458f3f29f9e154,plivo/amazon-eks-x86_64-node-1.31-1736335774-677e619e-3f80-dc17-5c2a-5eafba44ef11
us-west-2,us-west-2b,prod-sms-kannel,i-05a0752c3b572e8b9,t2.large,On-demand,ami-03c89166826dba644,plivo/amzn2-ami-ecs-hvm-2.0.1718313299-666b6153-a917-5365-0c6f-7ec3778d7f22-x86_64-ebs
us-west-2,us-west-2b,prod-tis-vpn-usw2,i-045a6469e0d1e5319,t3a.medium,On-demand,ami-042694254a28f2f4e,plivo/amzn2-ami-hvm-2.0.1718312197-666b5d05-66dc-2941-8808-9d73f3c123e9-x86_64-ebs
us-west-2,us-west-2a,prod-messaging-mtdf-simulator-usw2,i-0e633bd076dc7664b,t3.medium,On-demand,ami-042694254a28f2f4e,plivo/amzn2-ami-hvm-2.0.1718312197-666b5d05-66dc-2941-8808-9d73f3c123e9-x86_64-ebs
us-west-2,us-west-2a,test-ami2,i-055a279605b99743f,t2.micro,On-demand,ami-0eed52ee0a9033138,bottlerocket-aws-ecs-2-x86_64-v1.24.0-800458c4
us-west-2,us-west-2a,prod-sms-kannel,i-0b01fb0fe77ee4cdf,c4.2xlarge,On-demand,ami-0eed52ee0a9033138,bottlerocket-aws-ecs-2-x86_64-v1.24.0-800458c4
us-west-2,us-west-2b,prod-sms-kannel,i-0d22f8df07dd5dfda,c4.2xlarge,On-demand,ami-0eed52ee0a9033138,bottlerocket-aws-ecs-2-x86_64-v1.24.0-800458c4
ap-south-1,ap-south-1a,Jio-Free-Switch,i-054a81db13e426ee1,t3.medium,On-demand,ami-0378f94e71153b6c9,Jio-Free-Switch
ap-south-1,ap-south-1b,AWS-DX-Metric-Exporter,i-00346f2c3a177cf25,t3.micro,On-demand,ami-0851b76e8b1bce90b,ubuntu/images/hvm-ssd/ubuntu-focal-20.04-amd64-server-20211129
ap-south-1,ap-south-1a,demo-db,i-0b270c050e558ba00,t2.micro,On-demand,ami-0cca134ec43cf708f,amzn2-ami-kernel-5.10-hvm-2.0.20221210.1-x86_64-gp2
ap-south-1,ap-south-1a,TATATel_Trunk1_new_subnet_test,i-06f64ef1a864e35a8,t2.micro,On-demand,ami-0da59f1af71ea4ad2,al2023-ami-2023.1.20230809.0-kernel-6.1-x86_64
ap-south-1,ap-south-1b,TATA-Trunk2-Test,i-096f479e6fe4fcc8b,t2.micro,On-demand,ami-007020fd9c84e18c7,ubuntu/images/hvm-ssd/ubuntu-jammy-22.04-amd64-server-20240301
ap-south-1,ap-south-1b,prod-voice-pgbouncer,i-009f9528d99dc82b1,c5.large,On-demand,ami-0a60426726e130926,plivo/amzn2-ami-ecs-hvm-2.0.1709402848-65e36ae0-57e0-138f-6ffc-ffbcd2adce9e-x86_64-ebs
ap-south-1,ap-south-1b,prod-zentrunk-loadbalancer,i-047ac883ed3c2e08e,c5.large,On-demand,ami-0a60426726e130926,plivo/amzn2-ami-ecs-hvm-2.0.1709402848-65e36ae0-57e0-138f-6ffc-ffbcd2adce9e-x86_64-ebs
ap-south-1,ap-south-1b,prod-zentrunk-sip-proxy-jio-blr-sip-proxy,i-0b4310e9e44784a6c,t3a.medium,On-demand,ami-0a60426726e130926,plivo/amzn2-ami-ecs-hvm-2.0.1709402848-65e36ae0-57e0-138f-6ffc-ffbcd2adce9e-x86_64-ebs
ap-south-1,ap-south-1b,prod-zentrunk-sip-proxy-sip-proxy,i-08cd039b44abb5e6e,t3a.medium,On-demand,ami-0a60426726e130926,plivo/amzn2-ami-ecs-hvm-2.0.1709402848-65e36ae0-57e0-138f-6ffc-ffbcd2adce9e-x86_64-ebs
ap-south-1,ap-south-1b,prod-zentrunk-sip-proxy-sip-proxy,i-0c74f1f1267daeb14,t3a.medium,On-demand,ami-0a60426726e130926,plivo/amzn2-ami-ecs-hvm-2.0.1709402848-65e36ae0-57e0-138f-6ffc-ffbcd2adce9e-x86_64-ebs
ap-south-1,ap-south-1b,prod-zentrunk-sip-proxy-jio-blr-sip-proxy,i-01941e9adca341509,t3a.medium,On-demand,ami-0a60426726e130926,plivo/amzn2-ami-ecs-hvm-2.0.1709402848-65e36ae0-57e0-138f-6ffc-ffbcd2adce9e-x86_64-ebs
ap-south-1,ap-south-1b,vrs-cli-mumbai,i-014a8026bd8db95af,t4g.micro,On-demand,ami-0dda4ba9a42839a4b,ubuntu/images/hvm-ssd-gp3/ubuntu-noble-24.04-arm64-server-20240423
ap-south-1,ap-south-1b,prod-zentrunk-sip-proxy-tata-2-sip-proxy,i-007defac3c5a98487,t3a.medium,On-demand,ami-0a60426726e130926,plivo/amzn2-ami-ecs-hvm-2.0.1709402848-65e36ae0-57e0-138f-6ffc-ffbcd2adce9e-x86_64-ebs
ap-south-1,ap-south-1a,prod-voice-pgbouncer,i-00811f03f60ae1932,c5.large,On-demand,ami-0a60426726e130926,plivo/amzn2-ami-ecs-hvm-2.0.1709402848-65e36ae0-57e0-138f-6ffc-ffbcd2adce9e-x86_64-ebs
ap-south-1,ap-south-1a,prod-zentrunk-loadbalancer,i-040ed59fb1296eba3,c5.large,On-demand,ami-0a60426726e130926,plivo/amzn2-ami-ecs-hvm-2.0.1709402848-65e36ae0-57e0-138f-6ffc-ffbcd2adce9e-x86_64-ebs
ap-south-1,ap-south-1a,prod-zentrunk-sip-proxy-sip-proxy,i-0683c8f80a55e6a5e,t3a.medium,On-demand,ami-0a60426726e130926,plivo/amzn2-ami-ecs-hvm-2.0.1709402848-65e36ae0-57e0-138f-6ffc-ffbcd2adce9e-x86_64-ebs
ap-south-1,ap-south-1a,prod-zentrunk-sip-proxy-jio-blr-sip-proxy,i-05102515f18d84de0,t3a.medium,On-demand,ami-0a60426726e130926,plivo/amzn2-ami-ecs-hvm-2.0.1709402848-65e36ae0-57e0-138f-6ffc-ffbcd2adce9e-x86_64-ebs
ap-south-1,ap-south-1a,prod-zentrunk-sip-proxy-sip-proxy,i-0f1a64b50aaa32e79,t3a.medium,On-demand,ami-0a60426726e130926,plivo/amzn2-ami-ecs-hvm-2.0.1709402848-65e36ae0-57e0-138f-6ffc-ffbcd2adce9e-x86_64-ebs
ap-south-1,ap-south-1a,prod-zentrunk-sip-proxy-jio-blr-sip-proxy,i-0b2df55489c6fe9a1,t3a.medium,On-demand,ami-0a60426726e130926,plivo/amzn2-ami-ecs-hvm-2.0.1709402848-65e36ae0-57e0-138f-6ffc-ffbcd2adce9e-x86_64-ebs
ap-south-1,ap-south-1a,prod-zentrunk-qa-qa,i-06810092510db79d3,c6g.large,On-demand,ami-021427e03b9bbf280,plivo/amzn2-ami-ecs-hvm-2.0.1727248189-66f3b73d-f90b-67a9-9231-ec789e989bf4-arm64-ebs
ap-south-1,ap-south-1a,prod-shared-dbcfg-aurora2consulagent,i-021a94f9ccb7c3696,t3a.micro,On-demand,ami-0501b2f0363b2ab51,bottlerocket-aws-ecs-2-x86_64-v1.24.0-800458c4
ap-south-1,ap-south-1a,prod-voice-cdr-aurora2consulagent,i-0c432afb67ce59a7a,t3a.micro,On-demand,ami-0501b2f0363b2ab51,bottlerocket-aws-ecs-2-x86_64-v1.24.0-800458c4
ap-south-1,ap-south-1a,prod-devops-consul,i-0dafbcf624ddf14ef,m5ad.large,On-demand,ami-0501b2f0363b2ab51,bottlerocket-aws-ecs-2-x86_64-v1.24.0-800458c4
ap-south-1,ap-south-1a,prod-devops-consul,i-05283cef4f0f830af,m5ad.large,On-demand,ami-0501b2f0363b2ab51,bottlerocket-aws-ecs-2-x86_64-v1.24.0-800458c4
ap-south-1,ap-south-1a,prod-voice-masking,i-0329f332eea39b9e2,c6g.medium,On-demand,ami-08c1ee79d8c0a2761,bottlerocket-aws-ecs-2-aarch64-v1.24.0-800458c4
ap-south-1,ap-south-1a,prod-numbers,i-04005f6cac0b0a724,c5a.large,On-demand,ami-0501b2f0363b2ab51,bottlerocket-aws-ecs-2-x86_64-v1.24.0-800458c4
ap-south-1,ap-south-1a,prod-voice,i-03987b2c86179f86e,c6g.large,On-demand,ami-08c1ee79d8c0a2761,bottlerocket-aws-ecs-2-aarch64-v1.24.0-800458c4
ap-south-1,ap-south-1a,prod-voice,i-053143b9ecb9c20dd,c6g.large,On-demand,ami-08c1ee79d8c0a2761,bottlerocket-aws-ecs-2-aarch64-v1.24.0-800458c4
ap-south-1,ap-south-1a,prod-voice,i-09edc5f761c7feaac,c6g.large,On-demand,ami-08c1ee79d8c0a2761,bottlerocket-aws-ecs-2-aarch64-v1.24.0-800458c4
ap-south-1,ap-south-1a,prod-zentrunk-sip-proxy-tata-sip-proxy,i-04ef88cc59bbb6db2,t3a.medium,On-demand,ami-0a60426726e130926,plivo/amzn2-ami-ecs-hvm-2.0.1709402848-65e36ae0-57e0-138f-6ffc-ffbcd2adce9e-x86_64-ebs
ap-south-1,ap-south-1a,prod-voice-core,i-01a81881123af02c4,c5.large,On-demand,ami-0d1f4b17afcfca4f3,plivo/amzn2-ami-ecs-hvm-2.0.1727248188-66f3b73c-31ba-939f-8068-d6b60a59910e-x86_64-ebs
ap-south-1,ap-south-1a,prod-voice-masking,i-04b710ed13946d6fc,c6g.medium,On-demand,ami-08c1ee79d8c0a2761,bottlerocket-aws-ecs-2-aarch64-v1.24.0-800458c4
ap-south-1,ap-south-1a,prod-zentrunk-inboundsip1,i-005ff3cb48b6205d0,c5.large,On-demand,ami-0a60426726e130926,plivo/amzn2-ami-ecs-hvm-2.0.1709402848-65e36ae0-57e0-138f-6ffc-ffbcd2adce9e-x86_64-ebs
ap-south-1,ap-south-1a,prod-voice,i-06cb172d26d8cca71,c6g.large,On-demand,ami-08c1ee79d8c0a2761,bottlerocket-aws-ecs-2-aarch64-v1.24.0-800458c4
ap-south-1,ap-south-1a,prod-zentrunk-rtpproxy-jio-blr-rtpproxy,i-02eebf3c73665afb7,c5.large,On-demand,ami-0a60426726e130926,plivo/amzn2-ami-ecs-hvm-2.0.1709402848-65e36ae0-57e0-138f-6ffc-ffbcd2adce9e-x86_64-ebs
ap-south-1,ap-south-1a,prod-zentrunk-rtpproxy-jio-blr-rtpproxy,i-00df8c447926adf9c,c5.large,On-demand,ami-0a60426726e130926,plivo/amzn2-ami-ecs-hvm-2.0.1709402848-65e36ae0-57e0-138f-6ffc-ffbcd2adce9e-x86_64-ebs
ap-south-1,ap-south-1a,prod-zentrunk-sip-proxy-tata-marketing-sip-proxy,i-0bb32a562bb319a4e,t3a.medium,On-demand,ami-0a60426726e130926,plivo/amzn2-ami-ecs-hvm-2.0.1709402848-65e36ae0-57e0-138f-6ffc-ffbcd2adce9e-x86_64-ebs
ap-south-1,ap-south-1a,prod-voice-core,i-04d3d53db72c618b6,c5.large,On-demand,ami-0d1f4b17afcfca4f3,plivo/amzn2-ami-ecs-hvm-2.0.1727248188-66f3b73c-31ba-939f-8068-d6b60a59910e-x86_64-ebs
ap-south-1,ap-south-1b,prod-voice-core,i-015905d27676940cd,c5.large,On-demand,ami-0d1f4b17afcfca4f3,plivo/amzn2-ami-ecs-hvm-2.0.1727248188-66f3b73c-31ba-939f-8068-d6b60a59910e-x86_64-ebs
ap-south-1,ap-south-1b,prod-devops-misc-aps1,i-0b81c3b0cd40cf92c,t3.micro,On-demand,ami-0501b2f0363b2ab51,bottlerocket-aws-ecs-2-x86_64-v1.24.0-800458c4
ap-south-1,ap-south-1b,prod-shared-dbcfg-aurora2consulagent,i-06a365a51d57eacf2,t3a.micro,On-demand,ami-0501b2f0363b2ab51,bottlerocket-aws-ecs-2-x86_64-v1.24.0-800458c4
ap-south-1,ap-south-1b,prod-voice-cdr-aurora2consulagent,i-053113b2dde2c933e,t3a.micro,On-demand,ami-0501b2f0363b2ab51,bottlerocket-aws-ecs-2-x86_64-v1.24.0-800458c4
ap-south-1,ap-south-1b,prod-devops-consul,i-09fd73780588717af,m5ad.large,On-demand,ami-0501b2f0363b2ab51,bottlerocket-aws-ecs-2-x86_64-v1.24.0-800458c4
ap-south-1,ap-south-1b,prod-voice-masking,i-0e6732bd69c7ecbd9,c6g.medium,On-demand,ami-08c1ee79d8c0a2761,bottlerocket-aws-ecs-2-aarch64-v1.24.0-800458c4
ap-south-1,ap-south-1b,prod-numbers,i-0f6c4f2d51cf4b21e,c5a.large,On-demand,ami-0501b2f0363b2ab51,bottlerocket-aws-ecs-2-x86_64-v1.24.0-800458c4
ap-south-1,ap-south-1b,prod-voice,i-0ea2f44cd92a8824f,c6g.large,On-demand,ami-08c1ee79d8c0a2761,bottlerocket-aws-ecs-2-aarch64-v1.24.0-800458c4
ap-south-1,ap-south-1b,prod-voice,i-0c8e946c85fc87dd9,c6g.large,On-demand,ami-08c1ee79d8c0a2761,bottlerocket-aws-ecs-2-aarch64-v1.24.0-800458c4
ap-south-1,ap-south-1b,prod-voice,i-01ce8df1e2190ca44,c6g.large,On-demand,ami-08c1ee79d8c0a2761,bottlerocket-aws-ecs-2-aarch64-v1.24.0-800458c4
ap-south-1,ap-south-1b,prod-voice-masking,i-0ea3210594653c515,c6g.medium,On-demand,ami-08c1ee79d8c0a2761,bottlerocket-aws-ecs-2-aarch64-v1.24.0-800458c4
ap-south-1,ap-south-1b,prod-zentrunk-inboundsip1,i-0e838033f8a1a77df,c5.large,On-demand,ami-0a60426726e130926,plivo/amzn2-ami-ecs-hvm-2.0.1709402848-65e36ae0-57e0-138f-6ffc-ffbcd2adce9e-x86_64-ebs
ap-south-1,ap-south-1b,prod-zentrunk-rtpproxy-jio-blr-rtpproxy,i-0abd56756aed25cd4,c5.large,On-demand,ami-0a60426726e130926,plivo/amzn2-ami-ecs-hvm-2.0.1709402848-65e36ae0-57e0-138f-6ffc-ffbcd2adce9e-x86_64-ebs
ap-south-1,ap-south-1b,prod-zentrunk-rtpproxy-jio-blr-rtpproxy,i-07f3b11e2d1da3f7d,c5.large,On-demand,ami-0a60426726e130926,plivo/amzn2-ami-ecs-hvm-2.0.1709402848-65e36ae0-57e0-138f-6ffc-ffbcd2adce9e-x86_64-ebs
ap-south-1,ap-south-1b,prod-zentrunk-rtpproxy-jio-blr-rtpproxy,i-0fddc7c474edaf9ff,c5.large,On-demand,ami-0a60426726e130926,plivo/amzn2-ami-ecs-hvm-2.0.1709402848-65e36ae0-57e0-138f-6ffc-ffbcd2adce9e-x86_64-ebs
ap-south-1,ap-south-1b,prod-voice-core,i-06716fa06683befc5,c5.large,On-demand,ami-0d1f4b17afcfca4f3,plivo/amzn2-ami-ecs-hvm-2.0.1727248188-66f3b73c-31ba-939f-8068-d6b60a59910e-x86_64-ebs
ap-south-1,ap-south-1b,prod-voice-core,i-022df4b3067b21f30,c5.large,On-demand,ami-0d1f4b17afcfca4f3,plivo/amzn2-ami-ecs-hvm-2.0.1727248188-66f3b73c-31ba-939f-8068-d6b60a59910e-x86_64-ebs
ap-south-1,ap-south-1b,prod-voice-core-ms,i-0aaf71bd958f510b3,c6i.2xlarge,On-demand,ami-053fd158e977552c7,plivo/debian-bullseye-hvm-11-amd64-server-1712754218-66168e2a-4b77-9362-ab45-a1980821aa39
ap-south-1,ap-south-1b,prod-voice-core-ms,i-0c8c19fbef59d7466,c6i.2xlarge,On-demand,ami-053fd158e977552c7,plivo/debian-bullseye-hvm-11-amd64-server-1712754218-66168e2a-4b77-9362-ab45-a1980821aa39
ap-south-1,ap-south-1b,prod-voice-core-ms,i-0576de02f2b9a39c0,c6i.2xlarge,On-demand,ami-053fd158e977552c7,plivo/debian-bullseye-hvm-11-amd64-server-1712754218-66168e2a-4b77-9362-ab45-a1980821aa39
ap-south-1,ap-south-1b,prod-voice-core-ms,i-08bfc1f15ce255216,c6i.2xlarge,On-demand,ami-053fd158e977552c7,plivo/debian-bullseye-hvm-11-amd64-server-1712754218-66168e2a-4b77-9362-ab45-a1980821aa39
ap-south-1,ap-south-1b,prod-zentrunk-app-server,i-030784fdfdb717a5b,c5.large,On-demand,ami-0a60426726e130926,plivo/amzn2-ami-ecs-hvm-2.0.1709402848-65e36ae0-57e0-138f-6ffc-ffbcd2adce9e-x86_64-ebs
ap-south-1,ap-south-1b,prod-zentrunk,i-03b3ea8fd72a34a6c,c6g.large,On-demand,ami-08c1ee79d8c0a2761,bottlerocket-aws-ecs-2-aarch64-v1.24.0-800458c4
ap-south-1,ap-south-1b,prod-zentrunk,i-00be099a1109f6be5,c6g.large,On-demand,ami-08c1ee79d8c0a2761,bottlerocket-aws-ecs-2-aarch64-v1.24.0-800458c4
ap-south-1,ap-south-1b,prod-zentrunk-rtpengine-rtpengine,i-0567d887521a25733,c5.large,On-demand,ami-0a60426726e130926,plivo/amzn2-ami-ecs-hvm-2.0.1709402848-65e36ae0-57e0-138f-6ffc-ffbcd2adce9e-x86_64-ebs
ap-south-1,ap-south-1b,prod-zentrunk-rtpproxy-rtpproxy,i-0da2e14a9417b3bd3,c5.large,On-demand,ami-0a60426726e130926,plivo/amzn2-ami-ecs-hvm-2.0.1709402848-65e36ae0-57e0-138f-6ffc-ffbcd2adce9e-x86_64-ebs
ap-south-1,ap-south-1b,prod-zentrunk-rtpproxy-tata-2-rtpproxy,i-0fc4de4f2903b6696,c5.large,On-demand,ami-06455592b073cc59d,plivo/amzn2-ami-ecs-hvm-2.0.1702352484-6577d664-5185-b757-dcfe-b2f865fe9365-x86_64-ebs
ap-south-1,ap-south-1b,prod-voice-core-ms,i-0bc7c8d0c4f307790,c6i.2xlarge,On-demand,ami-053fd158e977552c7,plivo/debian-bullseye-hvm-11-amd64-server-1712754218-66168e2a-4b77-9362-ab45-a1980821aa39
ap-south-1,ap-south-1b,prod-voice-core-webms,i-0661fcdbaa42fa513,c6i.2xlarge,On-demand,ami-0d1835add430b2bc8,plivo/debian-buster-hvm-10.11-amd64-server-1727935647-66fe349f-7eb2-7910-ba21-bbb24c41a132
ap-south-1,ap-south-1b,prod-voice-core-ms,i-02671725c7a12eb3a,c6i.2xlarge,On-demand,ami-053fd158e977552c7,plivo/debian-bullseye-hvm-11-amd64-server-1712754218-66168e2a-4b77-9362-ab45-a1980821aa39
ap-south-1,ap-south-1b,prod-voice-core-ms,i-06e74f3f417a180a1,c6i.2xlarge,On-demand,ami-053fd158e977552c7,plivo/debian-bullseye-hvm-11-amd64-server-1712754218-66168e2a-4b77-9362-ab45-a1980821aa39
ap-south-1,ap-south-1b,prod-voice-core-ms,i-0f5ca3556154830a1,c6i.2xlarge,On-demand,ami-053fd158e977552c7,plivo/debian-bullseye-hvm-11-amd64-server-1712754218-66168e2a-4b77-9362-ab45-a1980821aa39
ap-south-1,ap-south-1a,prod-voice-core-ms,i-083017bcae18e42bc,c6i.2xlarge,On-demand,ami-053fd158e977552c7,plivo/debian-bullseye-hvm-11-amd64-server-1712754218-66168e2a-4b77-9362-ab45-a1980821aa39
ap-south-1,ap-south-1a,prod-zentrunk-rtpproxy-tata-marketing-rtpproxy,i-0cb13b98fd7e5f97f,c5.large,On-demand,ami-0a60426726e130926,plivo/amzn2-ami-ecs-hvm-2.0.1709402848-65e36ae0-57e0-138f-6ffc-ffbcd2adce9e-x86_64-ebs
ap-south-1,ap-south-1a,prod-voice-core-ms,i-016ec195ebaeac36e,c6i.2xlarge,On-demand,ami-053fd158e977552c7,plivo/debian-bullseye-hvm-11-amd64-server-1712754218-66168e2a-4b77-9362-ab45-a1980821aa39
ap-south-1,ap-south-1a,prod-zentrunk-rtpengine-rtpengine,i-014d29d5a88ea558f,c5.large,On-demand,ami-0a60426726e130926,plivo/amzn2-ami-ecs-hvm-2.0.1709402848-65e36ae0-57e0-138f-6ffc-ffbcd2adce9e-x86_64-ebs
ap-south-1,ap-south-1a,prod-zentrunk-rtpengine-rtpengine,i-077366756923d27ac,c5.large,On-demand,ami-0a60426726e130926,plivo/amzn2-ami-ecs-hvm-2.0.1709402848-65e36ae0-57e0-138f-6ffc-ffbcd2adce9e-x86_64-ebs
ap-south-1,ap-south-1a,prod-voice-core-webms,i-0a5968551e13eff2e,c6i.2xlarge,On-demand,ami-0d1835add430b2bc8,plivo/debian-buster-hvm-10.11-amd64-server-1727935647-66fe349f-7eb2-7910-ba21-bbb24c41a132
ap-south-1,ap-south-1a,prod-zentrunk-rtpproxy-rtpproxy,i-08c835bfc87000574,c5.large,On-demand,ami-0a60426726e130926,plivo/amzn2-ami-ecs-hvm-2.0.1709402848-65e36ae0-57e0-138f-6ffc-ffbcd2adce9e-x86_64-ebs
ap-south-1,ap-south-1a,prod-zentrunk-rtpproxy-tata-rtpproxy,i-01cdd51945bfc0229,c5.large,On-demand,ami-0a60426726e130926,plivo/amzn2-ami-ecs-hvm-2.0.1709402848-65e36ae0-57e0-138f-6ffc-ffbcd2adce9e-x86_64-ebs
ap-south-1,ap-south-1a,prod-zentrunk-rtpproxy-tata-rtpproxy,i-04d536f3f38641c57,c5.large,On-demand,ami-0a60426726e130926,plivo/amzn2-ami-ecs-hvm-2.0.1709402848-65e36ae0-57e0-138f-6ffc-ffbcd2adce9e-x86_64-ebs
ap-south-1,ap-south-1a,prod-zentrunk-app-server,i-03102034733601b80,c5.large,On-demand,ami-0a60426726e130926,plivo/amzn2-ami-ecs-hvm-2.0.1709402848-65e36ae0-57e0-138f-6ffc-ffbcd2adce9e-x86_64-ebs
ap-south-1,ap-south-1a,prod-zentrunk,i-0c0f7a317bdddac4f,c6g.large,On-demand,ami-08c1ee79d8c0a2761,bottlerocket-aws-ecs-2-aarch64-v1.24.0-800458c4
ap-south-1,ap-south-1a,prod-zentrunk,i-01bcf79d605c8667e,c6g.large,On-demand,ami-08c1ee79d8c0a2761,bottlerocket-aws-ecs-2-aarch64-v1.24.0-800458c4
ap-south-1,ap-south-1a,prod-voice-core-ms,i-09ce26917e63d8420,c6i.2xlarge,On-demand,ami-053fd158e977552c7,plivo/debian-bullseye-hvm-11-amd64-server-1712754218-66168e2a-4b77-9362-ab45-a1980821aa39
ap-south-1,ap-south-1a,prod-voice-core-webms,i-0303ca228499fab0a,c6i.2xlarge,On-demand,ami-0d1835add430b2bc8,plivo/debian-buster-hvm-10.11-amd64-server-1727935647-66fe349f-7eb2-7910-ba21-bbb24c41a132
ap-south-1,ap-south-1a,prod-voice-core-ms,i-06740679b91873107,c6i.2xlarge,On-demand,ami-053fd158e977552c7,plivo/debian-bullseye-hvm-11-amd64-server-1712754218-66168e2a-4b77-9362-ab45-a1980821aa39
ap-south-1,ap-south-1a,prod-voice-core-ms,i-01844f28443a7e748,c6i.2xlarge,On-demand,ami-053fd158e977552c7,plivo/debian-bullseye-hvm-11-amd64-server-1712754218-66168e2a-4b77-9362-ab45-a1980821aa39
ap-south-1,ap-south-1a,prod-voice-core-ms,i-05ab4da98f48faf50,c6i.2xlarge,On-demand,ami-053fd158e977552c7,plivo/debian-bullseye-hvm-11-amd64-server-1712754218-66168e2a-4b77-9362-ab45-a1980821aa39
ap-south-1,ap-south-1a,prod-voice-core-ms,i-0549bf6ace996ca7e,c6i.2xlarge,On-demand,ami-053fd158e977552c7,plivo/debian-bullseye-hvm-11-amd64-server-1712754218-66168e2a-4b77-9362-ab45-a1980821aa39
ap-south-1,ap-south-1a,prod-voice-core-ms,i-09fd629df4b06a48c,c6i.2xlarge,On-demand,ami-053fd158e977552c7,plivo/debian-bullseye-hvm-11-amd64-server-1712754218-66168e2a-4b77-9362-ab45-a1980821aa39
ap-southeast-1,ap-southeast-1a,production-shared-adca1,i-0d5032664f9f4db34,t3a.medium,On-demand,ami-00534e787c8349c76,Unknown
ap-southeast-1,ap-southeast-1b,prod-zentrunk-loadbalancer,i-0b64e0f2e99a858d7,c5.large,On-demand,ami-0b3ee36766689caa3,plivo/amzn2-ami-ecs-hvm-2.0.1709402848-65e36ae0-57e0-138f-6ffc-ffbcd2adce9e-x86_64-ebs
ap-southeast-1,ap-southeast-1a,prod-zentrunk-loadbalancer,i-0eab46b3270dcb4d4,c5.large,On-demand,ami-0b3ee36766689caa3,plivo/amzn2-ami-ecs-hvm-2.0.1709402848-65e36ae0-57e0-138f-6ffc-ffbcd2adce9e-x86_64-ebs
ap-southeast-1,ap-southeast-1c,prod-devops-consul,i-09602132581a8641f,m5ad.large,On-demand,ami-08e04081f514670e6,bottlerocket-aws-ecs-2-x86_64-v1.24.0-800458c4
ap-southeast-1,ap-southeast-1b,prod-devops-misc-apse1,i-0b7cb65f74407809f,t3.micro,On-demand,ami-08e04081f514670e6,bottlerocket-aws-ecs-2-x86_64-v1.24.0-800458c4
ap-southeast-1,ap-southeast-1b,prod-devops-consul,i-030fff8f16109666c,m5ad.large,On-demand,ami-08e04081f514670e6,bottlerocket-aws-ecs-2-x86_64-v1.24.0-800458c4
ap-southeast-1,ap-southeast-1b,prod-voice,i-05a6cf894541701b0,c6g.large,On-demand,ami-028ac4f7fc07b38b2,bottlerocket-aws-ecs-2-aarch64-v1.24.0-800458c4
ap-southeast-1,ap-southeast-1b,prod-voice-core,i-0dda97bfabb405e05,c5.large,On-demand,ami-0bfd4b8d6cae4f21b,plivo/amzn2-ami-ecs-hvm-2.0.1727248188-66f3b73c-31ba-939f-8068-d6b60a59910e-x86_64-ebs
ap-southeast-1,ap-southeast-1b,prod-zentrunk-custom-inboundsip2,i-07d2dd361ff845e70,t3a.medium,On-demand,ami-0b3ee36766689caa3,plivo/amzn2-ami-ecs-hvm-2.0.1709402848-65e36ae0-57e0-138f-6ffc-ffbcd2adce9e-x86_64-ebs
ap-southeast-1,ap-southeast-1b,prod-zentrunk-custom-inboundsip1,i-0c371063e418f3c2d,t3a.medium,On-demand,ami-0b3ee36766689caa3,plivo/amzn2-ami-ecs-hvm-2.0.1709402848-65e36ae0-57e0-138f-6ffc-ffbcd2adce9e-x86_64-ebs
ap-southeast-1,ap-southeast-1b,prod-zentrunk-inboundsip1,i-06ae277e7db45c9ad,c5.large,On-demand,ami-0b3ee36766689caa3,plivo/amzn2-ami-ecs-hvm-2.0.1709402848-65e36ae0-57e0-138f-6ffc-ffbcd2adce9e-x86_64-ebs
ap-southeast-1,ap-southeast-1b,prod-zentrunk-inboundsip2,i-0a6a48c98951cfddd,c5.large,On-demand,ami-0b3ee36766689caa3,plivo/amzn2-ami-ecs-hvm-2.0.1709402848-65e36ae0-57e0-138f-6ffc-ffbcd2adce9e-x86_64-ebs
ap-southeast-1,ap-southeast-1a,prod-voice-core,i-072722a2649611794,c5.large,On-demand,ami-0bfd4b8d6cae4f21b,plivo/amzn2-ami-ecs-hvm-2.0.1727248188-66f3b73c-31ba-939f-8068-d6b60a59910e-x86_64-ebs
ap-southeast-1,ap-southeast-1a,prod-devops-consul,i-0bfc6ecc7144ae838,m5ad.large,On-demand,ami-08e04081f514670e6,bottlerocket-aws-ecs-2-x86_64-v1.24.0-800458c4
ap-southeast-1,ap-southeast-1a,prod-voice,i-07cbd4ff774df306f,c6g.large,On-demand,ami-028ac4f7fc07b38b2,bottlerocket-aws-ecs-2-aarch64-v1.24.0-800458c4
ap-southeast-1,ap-southeast-1a,prod-zentrunk-inboundsip1,i-0365d0adfae38d3c3,c5.large,On-demand,ami-0b3ee36766689caa3,plivo/amzn2-ami-ecs-hvm-2.0.1709402848-65e36ae0-57e0-138f-6ffc-ffbcd2adce9e-x86_64-ebs
ap-southeast-1,ap-southeast-1a,prod-zentrunk-inboundsip2,i-0ff3a76b4f1815b00,c5.large,On-demand,ami-0b3ee36766689caa3,plivo/amzn2-ami-ecs-hvm-2.0.1709402848-65e36ae0-57e0-138f-6ffc-ffbcd2adce9e-x86_64-ebs
ap-southeast-1,ap-southeast-1a,prod-zentrunk-custom-inboundsip1,i-0e31322331dd80b13,t3a.medium,On-demand,ami-0b3ee36766689caa3,plivo/amzn2-ami-ecs-hvm-2.0.1709402848-65e36ae0-57e0-138f-6ffc-ffbcd2adce9e-x86_64-ebs
ap-southeast-1,ap-southeast-1a,prod-zentrunk-custom-inboundsip2,i-095ca35ec70140c8c,t3a.medium,On-demand,ami-0b3ee36766689caa3,plivo/amzn2-ami-ecs-hvm-2.0.1709402848-65e36ae0-57e0-138f-6ffc-ffbcd2adce9e-x86_64-ebs
ap-southeast-1,ap-southeast-1b,prod-zentrunk,i-0c2b9509e712937fc,c6g.large,On-demand,ami-028ac4f7fc07b38b2,bottlerocket-aws-ecs-2-aarch64-v1.24.0-800458c4
ap-southeast-1,ap-southeast-1b,prod-zentrunk-rtpengine-rtpengine,i-09ca52f92746d5c34,c5.large,On-demand,ami-0b3ee36766689caa3,plivo/amzn2-ami-ecs-hvm-2.0.1709402848-65e36ae0-57e0-138f-6ffc-ffbcd2adce9e-x86_64-ebs
ap-southeast-1,ap-southeast-1b,prod-zentrunk-app-server,i-0308b28a081f2b96a,c5.large,On-demand,ami-0b3ee36766689caa3,plivo/amzn2-ami-ecs-hvm-2.0.1709402848-65e36ae0-57e0-138f-6ffc-ffbcd2adce9e-x86_64-ebs
ap-southeast-1,ap-southeast-1b,prod-voice-core-ms,i-0444f924eef6401ae,c7g.2xlarge,On-demand,ami-064fb21729606b00a,plivo/debian-bullseye-hvm-11-arm-server-1727760377-66fb87f9-f2ca-d380-5b10-aae320715ede
ap-southeast-1,ap-southeast-1b,prod-voice-core-ms,i-0a208235f6d579e60,c7g.2xlarge,On-demand,ami-064fb21729606b00a,plivo/debian-bullseye-hvm-11-arm-server-1727760377-66fb87f9-f2ca-d380-5b10-aae320715ede
ap-southeast-1,ap-southeast-1b,prod-voice-core-webms,i-0c14e5623581ac4cc,c6i.2xlarge,On-demand,ami-0fef960f4473de569,plivo/debian-buster-hvm-10.11-amd64-server-1727935647-66fe349f-7eb2-7910-ba21-bbb24c41a132
ap-southeast-1,ap-southeast-1a,prod-zentrunk,i-020dffc9be6c08c6f,c6g.large,On-demand,ami-028ac4f7fc07b38b2,bottlerocket-aws-ecs-2-aarch64-v1.24.0-800458c4
ap-southeast-1,ap-southeast-1a,prod-zentrunk-rtpengine-rtpengine,i-03fd44d592dd2341e,c5.large,On-demand,ami-0b3ee36766689caa3,plivo/amzn2-ami-ecs-hvm-2.0.1709402848-65e36ae0-57e0-138f-6ffc-ffbcd2adce9e-x86_64-ebs
ap-southeast-1,ap-southeast-1a,prod-zentrunk-app-server,i-02bfec427beaaa493,c5.large,On-demand,ami-0b3ee36766689caa3,plivo/amzn2-ami-ecs-hvm-2.0.1709402848-65e36ae0-57e0-138f-6ffc-ffbcd2adce9e-x86_64-ebs
ap-southeast-1,ap-southeast-1a,prod-voice-core-webms,i-0e5acf52bfe5b8018,c6i.2xlarge,On-demand,ami-0fef960f4473de569,plivo/debian-buster-hvm-10.11-amd64-server-1727935647-66fe349f-7eb2-7910-ba21-bbb24c41a132
ap-southeast-2,ap-southeast-2c,prod-zentrunk-loadbalancer,i-08319d24126953b9f,c5.large,On-demand,ami-0a8afce0931f0b626,plivo/amzn2-ami-ecs-hvm-2.0.1709402848-65e36ae0-57e0-138f-6ffc-ffbcd2adce9e-x86_64-ebs
ap-southeast-2,ap-southeast-2a,prod-zentrunk-loadbalancer,i-08ac9e0d914ae351d,c5.large,On-demand,ami-0a8afce0931f0b626,plivo/amzn2-ami-ecs-hvm-2.0.1709402848-65e36ae0-57e0-138f-6ffc-ffbcd2adce9e-x86_64-ebs
ap-southeast-2,ap-southeast-2a,prod-devops-misc-apse2,i-05fe3d0d91cb9b9bd,t3.micro,On-demand,ami-0b1cf5208fea5d9a1,bottlerocket-aws-ecs-2-x86_64-v1.24.0-800458c4
ap-southeast-2,ap-southeast-2a,prod-devops-consul,i-0c40c2e9ad27ba493,m5ad.large,On-demand,ami-0b1cf5208fea5d9a1,bottlerocket-aws-ecs-2-x86_64-v1.24.0-800458c4
ap-southeast-2,ap-southeast-2c,prod-voice-core,i-017dda4495a96bef4,c5.large,On-demand,ami-0cadf2bf26eb642d7,plivo/amzn2-ami-ecs-hvm-2.0.1727248188-66f3b73c-31ba-939f-8068-d6b60a59910e-x86_64-ebs
ap-southeast-2,ap-southeast-2c,prod-devops-consul,i-01be8fb5abc3c150d,m5ad.large,On-demand,ami-0b1cf5208fea5d9a1,bottlerocket-aws-ecs-2-x86_64-v1.24.0-800458c4
ap-southeast-2,ap-southeast-2c,prod-zentrunk-inboundsip1,i-0caa037e07282ad19,t3a.medium,On-demand,ami-0a8afce0931f0b626,plivo/amzn2-ami-ecs-hvm-2.0.1709402848-65e36ae0-57e0-138f-6ffc-ffbcd2adce9e-x86_64-ebs
ap-southeast-2,ap-southeast-2c,prod-zentrunk-custom-inboundsip2,i-046ff7fa8d2548581,t3a.medium,On-demand,ami-0a8afce0931f0b626,plivo/amzn2-ami-ecs-hvm-2.0.1709402848-65e36ae0-57e0-138f-6ffc-ffbcd2adce9e-x86_64-ebs
ap-southeast-2,ap-southeast-2c,prod-zentrunk-inboundsip2,i-0af1b2be1751001d5,t3a.medium,On-demand,ami-0a8afce0931f0b626,plivo/amzn2-ami-ecs-hvm-2.0.1709402848-65e36ae0-57e0-138f-6ffc-ffbcd2adce9e-x86_64-ebs
ap-southeast-2,ap-southeast-2c,prod-zentrunk-custom-inboundsip1,i-003482c5c303231a4,t3a.medium,On-demand,ami-0a8afce0931f0b626,plivo/amzn2-ami-ecs-hvm-2.0.1709402848-65e36ae0-57e0-138f-6ffc-ffbcd2adce9e-x86_64-ebs
ap-southeast-2,ap-southeast-2b,prod-devops-consul,i-05f630be30ca08469,m5ad.large,On-demand,ami-0b1cf5208fea5d9a1,bottlerocket-aws-ecs-2-x86_64-v1.24.0-800458c4
ap-southeast-2,ap-southeast-2a,prod-voice-core,i-02f3c87629de3aae4,c5.large,On-demand,ami-0cadf2bf26eb642d7,plivo/amzn2-ami-ecs-hvm-2.0.1727248188-66f3b73c-31ba-939f-8068-d6b60a59910e-x86_64-ebs
ap-southeast-2,ap-southeast-2a,prod-zentrunk-inboundsip2,i-07ebc20d8ee7a8314,t3a.medium,On-demand,ami-0a8afce0931f0b626,plivo/amzn2-ami-ecs-hvm-2.0.1709402848-65e36ae0-57e0-138f-6ffc-ffbcd2adce9e-x86_64-ebs
ap-southeast-2,ap-southeast-2a,prod-zentrunk-custom-inboundsip2,i-0f819651eb98a7068,t3a.medium,On-demand,ami-0a8afce0931f0b626,plivo/amzn2-ami-ecs-hvm-2.0.1709402848-65e36ae0-57e0-138f-6ffc-ffbcd2adce9e-x86_64-ebs
ap-southeast-2,ap-southeast-2a,prod-zentrunk-inboundsip1,i-0715b43775648dbcd,t3a.medium,On-demand,ami-0a8afce0931f0b626,plivo/amzn2-ami-ecs-hvm-2.0.1709402848-65e36ae0-57e0-138f-6ffc-ffbcd2adce9e-x86_64-ebs
ap-southeast-2,ap-southeast-2a,prod-zentrunk-custom-inboundsip1,i-0af1742e7ba5191ed,t3a.medium,On-demand,ami-0a8afce0931f0b626,plivo/amzn2-ami-ecs-hvm-2.0.1709402848-65e36ae0-57e0-138f-6ffc-ffbcd2adce9e-x86_64-ebs
ap-southeast-2,ap-southeast-2a,prod-zentrunk-app-server,i-0e6a32aaca95e1916,c5.large,On-demand,ami-0a8afce0931f0b626,plivo/amzn2-ami-ecs-hvm-2.0.1709402848-65e36ae0-57e0-138f-6ffc-ffbcd2adce9e-x86_64-ebs
ap-southeast-2,ap-southeast-2a,prod-zentrunk,i-0d3aad0d31d58ff9d,c6g.large,On-demand,ami-08eeae0878ceab75a,bottlerocket-aws-ecs-2-aarch64-v1.24.0-800458c4
ap-southeast-2,ap-southeast-2a,prod-zentrunk-rtpengine-rtpengine,i-031b258dd95e5e2ff,c5.large,On-demand,ami-0a8afce0931f0b626,plivo/amzn2-ami-ecs-hvm-2.0.1709402848-65e36ae0-57e0-138f-6ffc-ffbcd2adce9e-x86_64-ebs
ap-southeast-2,ap-southeast-2a,prod-voice-core-ms,i-004cd093e58837aa0,c6g.2xlarge,On-demand,ami-021e26619d5ee384e,plivo/debian-bullseye-hvm-11-arm-server-1727760377-66fb87f9-f2ca-d380-5b10-aae320715ede
ap-southeast-2,ap-southeast-2a,prod-voice-core-webms,i-00017b8aec82f9613,c6i.xlarge,On-demand,ami-0a90d2d36dae7c394,plivo/debian-buster-hvm-10.11-amd64-server-1727935647-66fe349f-7eb2-7910-ba21-bbb24c41a132
ap-southeast-2,ap-southeast-2c,prod-voice-core-webms,i-0ea36ef8a602ca654,c6i.xlarge,On-demand,ami-0a90d2d36dae7c394,plivo/debian-buster-hvm-10.11-amd64-server-1727935647-66fe349f-7eb2-7910-ba21-bbb24c41a132
ap-southeast-2,ap-southeast-2c,prod-zentrunk,i-01a21feea9ea1129c,c6g.large,On-demand,ami-08eeae0878ceab75a,bottlerocket-aws-ecs-2-aarch64-v1.24.0-800458c4
ap-southeast-2,ap-southeast-2c,prod-zentrunk-rtpengine-rtpengine,i-08be5ead385f885c3,c5.large,On-demand,ami-0a8afce0931f0b626,plivo/amzn2-ami-ecs-hvm-2.0.1709402848-65e36ae0-57e0-138f-6ffc-ffbcd2adce9e-x86_64-ebs
ap-southeast-2,ap-southeast-2c,prod-zentrunk-app-server,i-037724854ddc53890,c5.large,On-demand,ami-0a8afce0931f0b626,plivo/amzn2-ami-ecs-hvm-2.0.1709402848-65e36ae0-57e0-138f-6ffc-ffbcd2adce9e-x86_64-ebs
ap-southeast-2,ap-southeast-2c,prod-voice-core-ms,i-08f6481a13eb13a21,c6g.2xlarge,On-demand,ami-021e26619d5ee384e,plivo/debian-bullseye-hvm-11-arm-server-1727760377-66fb87f9-f2ca-d380-5b10-aae320715ede
ap-southeast-2,ap-southeast-2c,prod-voice-core-webms,i-0a2ce22ec5cb4a112,c6i.xlarge,On-demand,ami-0a90d2d36dae7c394,plivo/debian-buster-hvm-10.11-amd64-server-1727935647-66fe349f-7eb2-7910-ba21-bbb24c41a132
eu-central-1,eu-central-1b,prod-zentrunk-loadbalancer,i-080f9af1fa3846c7d,c5.large,On-demand,ami-088653b2836cb1a5c,plivo/amzn2-ami-ecs-hvm-2.0.1709402848-65e36ae0-57e0-138f-6ffc-ffbcd2adce9e-x86_64-ebs
eu-central-1,eu-central-1b,prod-voice-core,i-0e079f1813829b53f,c5.large,On-demand,ami-06f7d2d3592d80948,plivo/amzn2-ami-ecs-hvm-2.0.1727248188-66f3b73c-31ba-939f-8068-d6b60a59910e-x86_64-ebs
eu-central-1,eu-central-1b,prod-voice,i-03bbbbdc39fb1eda7,c6g.large,On-demand,ami-02c31d35301848231,bottlerocket-aws-ecs-2-aarch64-v1.24.0-800458c4
eu-central-1,eu-central-1b,prod-voice-core,i-005015405c7b150de,c5.large,On-demand,ami-06f7d2d3592d80948,plivo/amzn2-ami-ecs-hvm-2.0.1727248188-66f3b73c-31ba-939f-8068-d6b60a59910e-x86_64-ebs
eu-central-1,eu-central-1a,prod-zentrunk-loadbalancer,i-0af30b03f71a80bdd,c5.large,On-demand,ami-088653b2836cb1a5c,plivo/amzn2-ami-ecs-hvm-2.0.1709402848-65e36ae0-57e0-138f-6ffc-ffbcd2adce9e-x86_64-ebs
eu-central-1,eu-central-1a,prod-voice,i-0eb1fb3f2470f1392,c6g.large,On-demand,ami-02c31d35301848231,bottlerocket-aws-ecs-2-aarch64-v1.24.0-800458c4
eu-central-1,eu-central-1c,prod-devops-misc-euc1,i-00d771e2b272ed90c,t3.micro,On-demand,ami-0ecd4157ba1623ca0,bottlerocket-aws-ecs-2-x86_64-v1.24.0-800458c4
eu-central-1,eu-central-1c,prod-devops-consul,i-0bd7b1faeade7365c,m5d.large,On-demand,ami-0ecd4157ba1623ca0,bottlerocket-aws-ecs-2-x86_64-v1.24.0-800458c4
eu-central-1,eu-central-1a,prod-devops-consul,i-0272840628ef11634,m5ad.large,On-demand,ami-0ecd4157ba1623ca0,bottlerocket-aws-ecs-2-x86_64-v1.24.0-800458c4
eu-central-1,eu-central-1a,prod-voice-core-ms,i-0ea913499e7637253,c7g.2xlarge,On-demand,ami-0c7cf58fe111aba86,plivo/debian-bullseye-hvm-11-arm-server-1727760377-66fb87f9-f2ca-d380-5b10-aae320715ede
eu-central-1,eu-central-1b,prod-devops-consul,i-093bfd74aec62f423,m5ad.large,On-demand,ami-0ecd4157ba1623ca0,bottlerocket-aws-ecs-2-x86_64-v1.24.0-800458c4
eu-central-1,eu-central-1b,prod-zentrunk-rtpengine-rtpengine,i-0f7a9dea03251abb5,c5.large,On-demand,ami-088653b2836cb1a5c,plivo/amzn2-ami-ecs-hvm-2.0.1709402848-65e36ae0-57e0-138f-6ffc-ffbcd2adce9e-x86_64-ebs
eu-central-1,eu-central-1b,prod-zentrunk-rtpengine-rtpengine,i-04d773d50a07bf068,c5.large,On-demand,ami-088653b2836cb1a5c,plivo/amzn2-ami-ecs-hvm-2.0.1709402848-65e36ae0-57e0-138f-6ffc-ffbcd2adce9e-x86_64-ebs
eu-central-1,eu-central-1a,prod-zentrunk-app-server,i-00d7c2dcd248a6b01,c5.large,On-demand,ami-088653b2836cb1a5c,plivo/amzn2-ami-ecs-hvm-2.0.1709402848-65e36ae0-57e0-138f-6ffc-ffbcd2adce9e-x86_64-ebs
eu-central-1,eu-central-1a,prod-zentrunk,i-06ac84db01b677e9d,c6g.large,On-demand,ami-02c31d35301848231,bottlerocket-aws-ecs-2-aarch64-v1.24.0-800458c4
eu-central-1,eu-central-1a,prod-voice-core-webms,i-0e033ac114ac65ef5,c6i.2xlarge,On-demand,ami-014865b94dc7b5022,plivo/debian-buster-hvm-10.11-amd64-server-1727935647-66fe349f-7eb2-7910-ba21-bbb24c41a132
eu-central-1,eu-central-1b,prod-voice-core-ms,i-057e6ed4f9ab9771f,c7g.2xlarge,On-demand,ami-0c7cf58fe111aba86,plivo/debian-bullseye-hvm-11-arm-server-1727760377-66fb87f9-f2ca-d380-5b10-aae320715ede
eu-central-1,eu-central-1b,prod-voice-core-ms,i-06fcb018a281256e3,c7g.2xlarge,On-demand,ami-0c7cf58fe111aba86,plivo/debian-bullseye-hvm-11-arm-server-1727760377-66fb87f9-f2ca-d380-5b10-aae320715ede
eu-central-1,eu-central-1b,prod-zentrunk,i-059864fe91c5e22be,c6g.large,On-demand,ami-02c31d35301848231,bottlerocket-aws-ecs-2-aarch64-v1.24.0-800458c4
eu-central-1,eu-central-1b,prod-zentrunk-app-server,i-0f67e4f449e7ec3be,c5.large,On-demand,ami-088653b2836cb1a5c,plivo/amzn2-ami-ecs-hvm-2.0.1709402848-65e36ae0-57e0-138f-6ffc-ffbcd2adce9e-x86_64-ebs
eu-central-1,eu-central-1b,prod-voice-core-webms,i-0474a53b22fd9a474,c6i.2xlarge,On-demand,ami-014865b94dc7b5022,plivo/debian-buster-hvm-10.11-amd64-server-1727935647-66fe349f-7eb2-7910-ba21-bbb24c41a132
eu-west-1,eu-west-1a,prod-zentrunk-custom-inboundsip1,i-096ae896031d235f4,t3a.medium,On-demand,ami-0bd2ebb372243b0ad,plivo/amzn2-ami-ecs-hvm-2.0.1709402848-65e36ae0-57e0-138f-6ffc-ffbcd2adce9e-x86_64-ebs
eu-west-1,eu-west-1a,prod-zentrunk-inboundsip1,i-0861a7ffb1add9ce2,c5.large,On-demand,ami-0bd2ebb372243b0ad,plivo/amzn2-ami-ecs-hvm-2.0.1709402848-65e36ae0-57e0-138f-6ffc-ffbcd2adce9e-x86_64-ebs
eu-west-1,eu-west-1a,prod-zentrunk-custom-inboundsip2,i-083b6e40a6052e50e,t3a.medium,On-demand,ami-0bd2ebb372243b0ad,plivo/amzn2-ami-ecs-hvm-2.0.1709402848-65e36ae0-57e0-138f-6ffc-ffbcd2adce9e-x86_64-ebs
eu-west-1,eu-west-1a,prod-zentrunk-inboundsip2,i-0a9fc121945117483,c5.large,On-demand,ami-0bd2ebb372243b0ad,plivo/amzn2-ami-ecs-hvm-2.0.1709402848-65e36ae0-57e0-138f-6ffc-ffbcd2adce9e-x86_64-ebs
eu-west-1,eu-west-1b,prod-devops-consul,i-0f28057e4edb0b2f4,m5ad.large,On-demand,ami-098ee2683c1d346c7,bottlerocket-aws-ecs-2-x86_64-v1.24.0-800458c4
eu-west-1,eu-west-1b,prod-devops-consul,i-02fe1d9a953ddef57,m5ad.large,On-demand,ami-098ee2683c1d346c7,bottlerocket-aws-ecs-2-x86_64-v1.24.0-800458c4
eu-west-1,eu-west-1b,prod-zentrunk-custom-inboundsip2,i-0591923e1e5712c83,t3a.medium,On-demand,ami-0bd2ebb372243b0ad,plivo/amzn2-ami-ecs-hvm-2.0.1709402848-65e36ae0-57e0-138f-6ffc-ffbcd2adce9e-x86_64-ebs
eu-west-1,eu-west-1b,prod-zentrunk-custom-inboundsip1,i-0ded47861a8ad20f9,t3a.medium,On-demand,ami-0bd2ebb372243b0ad,plivo/amzn2-ami-ecs-hvm-2.0.1709402848-65e36ae0-57e0-138f-6ffc-ffbcd2adce9e-x86_64-ebs
eu-west-1,eu-west-1b,prod-zentrunk-inboundsip2,i-06e4bfc3871991e96,c5.large,On-demand,ami-0bd2ebb372243b0ad,plivo/amzn2-ami-ecs-hvm-2.0.1709402848-65e36ae0-57e0-138f-6ffc-ffbcd2adce9e-x86_64-ebs
eu-west-1,eu-west-1a,prod-devops-consul,i-0e0de20850fdf76ea,m5ad.large,On-demand,ami-098ee2683c1d346c7,bottlerocket-aws-ecs-2-x86_64-v1.24.0-800458c4
eu-west-1,eu-west-1b,prod-devops-misc-euw1,i-04d774bdca5b86269,t3.micro,On-demand,ami-098ee2683c1d346c7,bottlerocket-aws-ecs-2-x86_64-v1.24.0-800458c4
eu-west-1,eu-west-1b,prod-zentrunk-inboundsip1,i-03a6f93d04b0b6232,c5.large,On-demand,ami-0bd2ebb372243b0ad,plivo/amzn2-ami-ecs-hvm-2.0.1709402848-65e36ae0-57e0-138f-6ffc-ffbcd2adce9e-x86_64-ebs
sa-east-1,sa-east-1c,prod-zentrunk-loadbalancer,i-059c28d44b544814c,c5.large,On-demand,ami-09b43df2047f261f0,plivo/amzn2-ami-ecs-hvm-2.0.1709402848-65e36ae0-57e0-138f-6ffc-ffbcd2adce9e-x86_64-ebs
sa-east-1,sa-east-1c,prod-devops-consul,i-0d70a4935912ec30b,m5ad.large,On-demand,ami-0c72491beeaec0f09,bottlerocket-aws-ecs-2-x86_64-v1.24.0-800458c4
sa-east-1,sa-east-1c,prod-voice-core,i-080cb2decadcebaa5,c5.large,On-demand,ami-0e568da8198031c86,plivo/amzn2-ami-ecs-hvm-2.0.1727248188-66f3b73c-31ba-939f-8068-d6b60a59910e-x86_64-ebs
sa-east-1,sa-east-1c,prod-zentrunk-custom-inboundsip2,i-0164165f1383946c4,t3a.medium,On-demand,ami-09b43df2047f261f0,plivo/amzn2-ami-ecs-hvm-2.0.1709402848-65e36ae0-57e0-138f-6ffc-ffbcd2adce9e-x86_64-ebs
sa-east-1,sa-east-1c,prod-zentrunk-inboundsip1,i-02785d6c3cf01cfa3,t3a.medium,On-demand,ami-09b43df2047f261f0,plivo/amzn2-ami-ecs-hvm-2.0.1709402848-65e36ae0-57e0-138f-6ffc-ffbcd2adce9e-x86_64-ebs
sa-east-1,sa-east-1c,prod-zentrunk-inboundsip2,i-089b74252bdd3cb8a,t3a.medium,On-demand,ami-09b43df2047f261f0,plivo/amzn2-ami-ecs-hvm-2.0.1709402848-65e36ae0-57e0-138f-6ffc-ffbcd2adce9e-x86_64-ebs
sa-east-1,sa-east-1c,prod-zentrunk-custom-inboundsip1,i-08ac910b4abb065ea,t3a.medium,On-demand,ami-09b43df2047f261f0,plivo/amzn2-ami-ecs-hvm-2.0.1709402848-65e36ae0-57e0-138f-6ffc-ffbcd2adce9e-x86_64-ebs
sa-east-1,sa-east-1b,prod-zentrunk-loadbalancer,i-0693d316e383dd0d6,c5.large,On-demand,ami-09b43df2047f261f0,plivo/amzn2-ami-ecs-hvm-2.0.1709402848-65e36ae0-57e0-138f-6ffc-ffbcd2adce9e-x86_64-ebs
sa-east-1,sa-east-1b,prod-devops-consul,i-07b4def8d55a260b3,m5ad.large,On-demand,ami-0c72491beeaec0f09,bottlerocket-aws-ecs-2-x86_64-v1.24.0-800458c4
sa-east-1,sa-east-1b,prod-voice-core,i-07c5be99e6f636bd4,c5.large,On-demand,ami-0e568da8198031c86,plivo/amzn2-ami-ecs-hvm-2.0.1727248188-66f3b73c-31ba-939f-8068-d6b60a59910e-x86_64-ebs
sa-east-1,sa-east-1b,prod-zentrunk-custom-inboundsip1,i-0786f825bbd1000ee,t3a.medium,On-demand,ami-09b43df2047f261f0,plivo/amzn2-ami-ecs-hvm-2.0.1709402848-65e36ae0-57e0-138f-6ffc-ffbcd2adce9e-x86_64-ebs
sa-east-1,sa-east-1b,prod-zentrunk-custom-inboundsip2,i-037bc1f87cb994aa3,t3a.medium,On-demand,ami-09b43df2047f261f0,plivo/amzn2-ami-ecs-hvm-2.0.1709402848-65e36ae0-57e0-138f-6ffc-ffbcd2adce9e-x86_64-ebs
sa-east-1,sa-east-1b,prod-zentrunk-app-server,i-022a681905196acc8,c5.large,On-demand,ami-09b43df2047f261f0,plivo/amzn2-ami-ecs-hvm-2.0.1709402848-65e36ae0-57e0-138f-6ffc-ffbcd2adce9e-x86_64-ebs
sa-east-1,sa-east-1a,prod-devops-consul,i-0543fc004bd8345c6,m5d.large,On-demand,ami-0c72491beeaec0f09,bottlerocket-aws-ecs-2-x86_64-v1.24.0-800458c4
sa-east-1,sa-east-1b,prod-zentrunk-inboundsip2,i-006679d04fd64d49a,t3a.medium,On-demand,ami-09b43df2047f261f0,plivo/amzn2-ami-ecs-hvm-2.0.1709402848-65e36ae0-57e0-138f-6ffc-ffbcd2adce9e-x86_64-ebs
sa-east-1,sa-east-1b,prod-zentrunk-inboundsip1,i-03213628bb54fe36b,t3a.medium,On-demand,ami-09b43df2047f261f0,plivo/amzn2-ami-ecs-hvm-2.0.1709402848-65e36ae0-57e0-138f-6ffc-ffbcd2adce9e-x86_64-ebs
sa-east-1,sa-east-1b,prod-zentrunk,i-0212b39ee8b304e28,c6g.large,On-demand,ami-02cf57afae2c24654,bottlerocket-aws-ecs-2-aarch64-v1.24.0-800458c4
sa-east-1,sa-east-1b,prod-voice-core-ms,i-0c7e35b3e7914e519,c6g.2xlarge,On-demand,ami-0c7722ad79a865949,plivo/debian-bullseye-hvm-11-arm-server-1727760377-66fb87f9-f2ca-d380-5b10-aae320715ede
sa-east-1,sa-east-1b,prod-devops-misc-sae1,i-00d2cbc98b017e1d8,t3.small,spot,ami-0c72491beeaec0f09,bottlerocket-aws-ecs-2-x86_64-v1.24.0-800458c4
sa-east-1,sa-east-1c,prod-zentrunk-rtpengine-rtpengine,i-0ac825ac8f2140f35,c5.large,On-demand,ami-09b43df2047f261f0,plivo/amzn2-ami-ecs-hvm-2.0.1709402848-65e36ae0-57e0-138f-6ffc-ffbcd2adce9e-x86_64-ebs
sa-east-1,sa-east-1c,prod-zentrunk-rtpengine-rtpengine,i-02fc81eff0987c600,c5.large,On-demand,ami-09b43df2047f261f0,plivo/amzn2-ami-ecs-hvm-2.0.1709402848-65e36ae0-57e0-138f-6ffc-ffbcd2adce9e-x86_64-ebs
sa-east-1,sa-east-1c,prod-zentrunk-app-server,i-017f4fb00f382c467,c5.large,On-demand,ami-09b43df2047f261f0,plivo/amzn2-ami-ecs-hvm-2.0.1709402848-65e36ae0-57e0-138f-6ffc-ffbcd2adce9e-x86_64-ebs
sa-east-1,sa-east-1c,prod-zentrunk,i-0b9b1154c83ed7ab0,c6g.large,On-demand,ami-02cf57afae2c24654,bottlerocket-aws-ecs-2-aarch64-v1.24.0-800458c4
sa-east-1,sa-east-1c,prod-voice-core-ms,i-03f66cb683a53873f,c6g.2xlarge,On-demand,ami-0c7722ad79a865949,plivo/debian-bullseye-hvm-11-arm-server-1727760377-66fb87f9-f2ca-d380-5b10-aae320715ede
sa-east-1,sa-east-1c,prod-voice-core-webms,i-0a8faf7ae79f6aca3,c6i.xlarge,On-demand,ami-0c0160778e9563b42,plivo/debian-buster-hvm-10.11-amd64-server-1727935647-66fe349f-7eb2-7910-ba21-bbb24c41a132
sa-east-1,sa-east-1c,prod-voice-core-webms,i-00a8273ba2f4420e9,c6i.xlarge,On-demand,ami-0c0160778e9563b42,plivo/debian-buster-hvm-10.11-amd64-server-1727935647-66fe349f-7eb2-7910-ba21-bbb24c41a132
